MUNICIPIO,SECCION ELECTORAL,PAN,PRI,PRD,PT,PVEM,MC,MORENA,C_PAN_PRD_MC,C_PAN_PRD,C_PAN_MC,C_PRD_MC,C_PT_PVEM_MORENA,C_PT_PVEM,C_PT_MORENA,C_PVEM_MORENA,TOTAL DE VOTOS,LISTA NOMINAL,PRIORIDAD
PUEBLA,1586,1907,406,58,180,88,114,1256,354,41,36,1,253,14,34,21,4907,14482,ALTA (AAA)
PUEBLA,1596,1103,512,47,205,118,83,924,224,24,14,8,314,24,41,36,3827,14393,ALTA (AAA)
PUEBLA,1205,1483,316,49,123,69,81,764,250,23,17,7,173,9,33,14,3524,10502,ALTA (AAA)
PUEBLA,1405,1351,357,42,98,67,68,775,277,28,27,3,233,8,30,11,3487,9712,ALTA (AAA)
PUEBLA,1587,1279,420,47,150,53,74,793,211,26,23,3,228,11,28,20,3460,10956,ALTA (AAA)
PUEBLA,1246,1313,336,58,169,55,63,685,225,15,22,3,170,6,19,15,3247,12867,ALTA (AAA)
PUEBLA,1552,1653,191,43,66,31,69,511,246,18,12,4,99,3,14,8,3029,8350,ALTA (AAA)
PUEBLA,1065,882,357,51,124,75,60,743,188,15,20,2,291,18,37,16,3005,11969,ALTA (AAA)
PUEBLA,1415,869,370,40,134,104,65,768,142,25,24,8,232,13,29,17,2950,11802,ALTA (AAA)
PUEBLA,1411,420,413,17,201,86,36,589,94,12,17,0,277,38,37,17,2939,12440,ALTA (AAA)
PUEBLA,1562,1138,268,36,111,42,72,627,186,10,18,2,126,8,23,17,2752,8240,ALTA (AAA)
PUEBLA,1249,614,406,33,184,92,48,662,141,11,16,3,281,19,26,27,2699,11741,ALTA (AAA)
PUEBLA,1413,667,349,43,157,78,43,633,123,16,17,6,261,28,37,20,2593,10625,ALTA (AAA)
PUEBLA,1214,784,284,41,131,52,57,686,176,26,15,4,195,12,23,11,2583,8792,ALTA (AAA)
PUEBLA,1035,723,183,29,79,46,41,491,112,10,9,2,120,8,23,14,2340,3026,MEDIA (AA)
PUEBLA,1593,598,250,25,84,41,38,485,93,9,9,4,159,19,30,14,1918,10166,MEDIA (AA)
PUEBLA,1595,498,341,25,99,43,41,377,105,8,11,7,194,16,26,16,1899,7367,MEDIA (AA)
PUEBLA,1252,599,231,25,78,35,36,464,99,12,17,1,121,8,18,17,1843,6884,MEDIA (AA)
PUEBLA,1417,485,320,34,115,61,26,378,87,8,15,1,131,17,18,16,1779,7272,MEDIA (AA)
PUEBLA,1561,859,120,27,50,25,36,333,130,25,10,0,62,6,7,7,1741,3801,MEDIA (AA)
PUEBLA,1206,686,166,26,63,38,37,384,128,12,10,1,113,8,13,9,1740,4839,MEDIA (AA)
PUEBLA,1397,413,217,25,115,41,31,429,93,18,8,2,164,24,30,19,1710,6420,MEDIA (AA)
PUEBLA,1188,874,106,16,35,17,32,274,107,12,10,2,54,0,13,4,1616,3082,MEDIA (AA)
PUEBLA,1390,472,208,28,81,38,33,355,93,7,11,0,115,5,10,9,1510,4123,MEDIA (AA)
PUEBLA,1398,388,228,11,71,41,19,360,89,10,12,2,133,31,29,19,1509,5433,MEDIA (AA)
PUEBLA,1605,347,266,19,82,49,22,359,59,10,10,3,153,12,19,10,1487,6810,MEDIA (AA)
PUEBLA,1259,281,626,27,153,33,13,140,26,4,8,2,62,15,5,4,1466,6053,MEDIA (AA)
PUEBLA,1534,452,213,11,91,24,32,324,93,8,17,2,98,4,13,14,1456,4186,MEDIA (AA)
PUEBLA,1242,378,203,21,96,45,29,373,63,10,9,1,131,6,19,10,1441,5558,MEDIA (AA)
PUEBLA,1193,594,144,33,55,19,31,280,97,12,13,1,70,6,12,8,1420,3244,MEDIA (AA)
PUEBLA,1320,505,115,13,50,25,31,400,91,10,10,0,89,2,14,2,1398,2756,MEDIA (AA)
PUEBLA,1128,726,91,25,38,22,37,175,141,16,20,1,58,6,8,4,1394,4300,MEDIA (AA)
PUEBLA,1248,509,124,15,87,25,32,338,68,7,15,0,93,10,12,6,1388,4737,MEDIA (AA)
PUEBLA,1434,530,154,17,65,31,34,291,100,7,9,3,78,4,10,8,1372,1273,MEDIA (AA)
PUEBLA,1567,816,52,14,26,13,30,192,122,9,15,0,39,0,9,3,1366,2598,MEDIA (AA)
PUEBLA,1251,441,140,20,63,21,33,343,91,10,9,1,75,9,10,4,1317,3748,MEDIA (AA)
PUEBLA,1061,462,130,11,52,49,27,310,85,6,13,4,93,3,13,8,1300,3664,MEDIA (AA)
PUEBLA,1555,445,178,17,53,22,33,339,64,12,3,2,61,8,12,7,1299,3635,MEDIA (AA)
PUEBLA,1396,344,159,19,76,52,33,331,69,8,9,0,106,11,16,11,1292,4051,MEDIA (AA)
PUEBLA,1055,460,135,13,66,24,27,325,84,6,3,2,85,8,12,5,1280,4108,MEDIA (AA)
PUEBLA,1127,511,111,19,46,25,19,243,96,15,13,4,70,2,5,7,1233,3513,BAJA (A)
PUEBLA,1537,372,161,30,58,29,33,293,48,10,6,1,90,12,13,6,1224,3802,BAJA (A)
PUEBLA,1221,399,151,24,54,34,24,245,83,9,9,1,96,8,10,8,1219,3964,BAJA (A)
PUEBLA,1400,442,139,11,44,15,33,278,85,10,16,3,70,7,8,2,1215,3107,BAJA (A)
PUEBLA,1076,276,208,22,83,49,24,271,71,9,5,3,97,18,19,10,1211,8070,BAJA (A)
PUEBLA,1238,422,156,22,50,25,23,237,98,11,10,0,92,4,10,10,1208,3518,BAJA (A)
PUEBLA,1155,889,15,11,7,6,33,48,131,7,9,1,15,1,1,1,1181,1917,BAJA (A)
PUEBLA,1565,382,145,14,65,19,30,252,77,12,9,2,86,5,20,12,1174,3804,BAJA (A)
PUEBLA,1201,434,130,16,55,16,24,262,75,6,6,4,74,8,7,7,1173,3218,BAJA (A)
PUEBLA,1213,332,135,19,54,27,32,321,79,11,4,1,89,4,15,4,1173,4090,BAJA (A)
PUEBLA,1060,355,227,17,52,29,26,214,53,15,5,2,89,6,19,10,1170,5007,BAJA (A)
PUEBLA,1129,618,51,10,32,12,28,187,126,13,12,2,41,3,9,3,1169,2604,BAJA (A)
PUEBLA,1408,370,160,9,59,48,14,263,62,4,5,2,70,8,14,10,1156,4454,BAJA (A)
PUEBLA,1578,324,147,13,64,32,21,326,64,5,8,3,73,6,15,5,1156,2327,BAJA (A)
PUEBLA,1196,412,91,17,42,35,26,285,87,13,9,3,79,3,11,4,1153,2981,BAJA (A)
PUEBLA,1375,320,139,13,64,32,19,282,62,14,7,1,109,11,16,7,1143,3883,BAJA (A)
PUEBLA,1204,427,103,14,41,18,38,269,78,12,4,3,79,1,8,5,1140,3281,BAJA (A)
PUEBLA,1199,377,109,25,43,22,23,304,70,6,8,0,60,9,42,5,1137,2919,BAJA (A)
PUEBLA,1072,289,150,19,117,61,18,256,42,7,5,0,79,9,19,8,1130,5995,BAJA (A)
PUEBLA,1374,336,159,9,60,14,27,265,66,12,8,2,102,7,13,6,1123,3578,BAJA (A)
PUEBLA,1212,409,129,9,55,19,20,237,72,8,8,0,90,5,16,5,1121,3375,BAJA (A)
PUEBLA,1589,287,172,13,60,23,28,260,59,8,10,1,104,5,16,4,1106,3745,BAJA (A)
PUEBLA,1070,402,121,11,61,19,31,244,64,6,5,0,57,9,16,5,1094,4681,BAJA (A)
PUEBLA,1093,670,58,13,30,10,29,82,114,14,13,0,30,1,5,2,1090,2175,BAJA (A)
PUEBLA,1058,431,67,13,64,35,18,249,68,8,11,1,65,3,9,13,1086,3389,BAJA (A)
PUEBLA,950,420,102,28,48,25,24,215,82,9,9,3,63,4,3,10,1085,3569,BAJA (A)
PUEBLA,1194,385,112,12,48,17,28,278,60,0,7,8,36,9,36,6,1083,2678,BAJA (A)
PUEBLA,951,408,147,17,49,25,28,188,86,5,14,0,62,6,3,1,1067,3405,BAJA (A)
PUEBLA,1197,404,88,16,53,16,26,264,61,6,7,4,67,11,12,5,1067,2776,BAJA (A)
PUEBLA,1416,276,136,12,113,61,22,243,42,3,7,1,98,8,10,3,1058,5500,BAJA (A)
PUEBLA,1533,578,79,4,33,5,25,170,97,7,6,4,29,4,2,2,1058,1939,BAJA (A)
PUEBLA,1380,388,117,14,41,27,16,232,52,9,10,3,85,4,10,6,1049,2668,BAJA (A)
PUEBLA,1588,265,202,8,49,27,22,231,57,7,4,0,96,13,8,5,1036,4106,BAJA (A)
PUEBLA,1606,269,205,14,82,32,13,249,46,3,11,0,65,7,12,6,1030,3699,BAJA (A)
PUEBLA,1033,446,84,17,51,26,13,205,67,7,2,0,54,4,13,8,1029,2710,BAJA (A)
PUEBLA,1590,335,144,16,59,36,18,240,43,6,4,0,76,3,8,7,1021,2631,BAJA (A)
PUEBLA,1182,513,55,10,35,17,25,181,79,6,4,0,45,1,5,6,1009,2136,BAJA (A)
PUEBLA,1591,316,134,14,43,37,18,240,56,8,4,0,74,8,9,5,999,3501,BAJA (A)
PUEBLA,1245,315,119,15,74,27,31,203,58,5,8,1,68,22,10,3,998,3334,BAJA (A)
PUEBLA,1187,534,49,11,23,9,27,162,98,10,5,0,33,0,4,1,992,1742,BAJA (A)
PUEBLA,2561,346,114,14,41,43,21,270,44,5,4,0,48,2,9,5,992,867,BAJA (A)
PUEBLA,1096,571,71,11,30,10,17,105,98,13,12,2,26,1,4,2,986,2305,BAJA (A)
PUEBLA,1535,316,89,12,42,11,29,252,67,7,9,0,78,4,17,4,982,2595,BAJA (A)
PUEBLA,1594,229,127,11,52,29,13,284,46,5,2,3,86,8,14,18,972,3083,BAJA (A)
PUEBLA,1200,320,140,18,43,17,16,228,51,3,3,0,84,6,10,4,972,2920,BAJA (A)
PUEBLA,1347,288,129,12,61,64,19,232,43,18,4,1,44,9,11,3,964,1451,BAJA (A)
PUEBLA,1008,362,110,18,43,16,22,189,62,8,6,2,57,6,17,5,957,3724,BAJA (A)
PUEBLA,1604,193,255,7,62,134,5,184,16,2,0,0,58,11,7,8,955,3319,BAJA (A)
PUEBLA,1036,367,93,16,33,11,20,228,59,9,4,0,70,0,12,3,953,2582,BAJA (A)
PUEBLA,1313,400,113,11,34,14,21,180,72,5,4,1,48,4,8,7,950,2219,BAJA (A)
PUEBLA,1244,274,170,7,66,33,20,184,48,8,6,1,59,9,10,6,947,3660,BAJA (A)
PUEBLA,1542,361,79,11,40,20,15,246,55,5,4,1,50,0,11,12,942,2009,BAJA (A)
PUEBLA,1005,503,57,9,17,11,26,141,95,6,8,2,29,1,3,4,941,1887,BAJA (A)
PUEBLA,977,309,113,9,36,11,8,157,43,4,5,0,44,1,5,4,939,2567,BAJA (A)
PUEBLA,1558,557,39,15,11,7,35,116,95,11,10,0,20,2,1,1,939,1582,BAJA (A)
PUEBLA,1091,376,92,15,45,17,18,197,61,4,7,1,61,2,7,2,934,2432,BAJA (A)
PUEBLA,1186,506,55,7,27,5,15,130,95,11,3,1,35,3,6,1,926,1665,BAJA (A)
PUEBLA,1050,327,111,14,45,17,19,201,69,5,10,1,58,6,10,5,925,3255,BAJA (A)
PUEBLA,1386,262,101,10,53,16,15,239,63,4,8,3,89,8,16,3,924,2820,BAJA (A)
PUEBLA,1536,428,76,13,33,3,32,196,63,10,6,2,37,0,8,2,924,2178,BAJA (A)
PUEBLA,1000,524,48,13,26,10,25,148,74,1,3,1,18,1,0,5,912,1715,BAJA (A)
PUEBLA,1191,372,83,14,48,16,20,194,53,8,5,2,53,5,7,3,910,2297,BAJA (A)
PUEBLA,1013,463,62,18,18,5,22,133,102,5,6,1,29,2,7,5,910,1622,BAJA (A)
PUEBLA,1410,282,171,10,51,57,15,165,45,4,9,0,61,6,7,2,908,4746,BAJA (A)
PUEBLA,1195,392,79,15,37,22,14,191,60,10,0,1,49,1,3,7,905,1962,BAJA (A)
PUEBLA,983,446,58,15,14,12,30,185,70,5,5,1,32,1,3,2,904,1865,BAJA (A)
PUEBLA,1078,234,122,10,51,34,22,235,43,10,7,0,75,8,11,8,904,4337,BAJA (A)
PUEBLA,1243,242,139,12,62,20,24,181,65,1,5,1,79,14,9,3,898,3110,BAJA (A)
PUEBLA,1198,327,60,24,39,15,25,241,43,7,6,0,66,5,10,3,891,2221,BAJA (A)
PUEBLA,1505,402,85,11,28,12,21,164,68,4,6,0,43,2,5,4,876,2131,BAJA (A)
PUEBLA,1153,549,32,10,17,9,26,72,103,2,11,2,15,2,7,1,869,1615,BAJA (A)
PUEBLA,1154,582,25,14,9,7,17,54,99,18,12,2,15,0,2,2,867,1495,BAJA (A)
PUEBLA,1355,302,108,14,39,10,23,200,44,8,6,1,58,7,14,3,865,2451,BAJA (A)
PUEBLA,1011,331,83,10,34,27,13,202,49,6,3,0,57,1,9,2,857,2304,BAJA (A)
PUEBLA,1304,333,68,8,30,11,26,241,53,4,4,1,44,3,8,3,856,1815,BAJA (A)
PUEBLA,1524,452,80,9,24,10,19,111,71,8,5,0,33,2,6,2,851,1783,BAJA (A)
PUEBLA,1476,295,85,17,40,27,18,205,53,3,0,1,63,0,5,3,849,1289,BAJA (A)
PUEBLA,1548,390,65,9,24,6,27,187,54,4,1,2,54,4,1,4,846,1687,BAJA (A)
PUEBLA,1175,379,79,9,34,19,13,136,74,8,4,1,41,7,8,7,846,1906,BAJA (A)
PUEBLA,1324,437,56,10,21,9,17,148,83,5,3,0,29,1,3,1,842,1606,BAJA (A)
PUEBLA,1002,351,89,12,40,19,15,182,40,5,5,1,53,4,7,2,842,2308,BAJA (A)
PUEBLA,1314,451,55,9,22,12,18,136,64,8,10,1,25,2,4,1,840,1608,BAJA (A)
PUEBLA,1190,390,56,8,31,13,17,190,70,8,5,1,26,2,5,1,837,1816,BAJA (A)
PUEBLA,1181,325,64,15,22,13,23,212,55,13,4,1,54,2,6,3,833,1916,BAJA (A)
PUEBLA,1172,488,39,7,15,7,11,132,74,12,2,0,21,4,3,4,831,1525,BAJA (A)
PUEBLA,1603,162,264,6,52,78,6,149,29,9,3,1,45,4,7,4,828,3412,BAJA (A)
PUEBLA,1217,345,76,9,22,12,18,148,54,7,8,24,57,5,10,2,826,1763,BAJA (A)
PUEBLA,982,377,52,9,29,11,22,142,99,7,5,1,32,0,7,3,822,1728,BAJA (A)
PUEBLA,1176,330,101,20,23,16,16,156,67,4,2,0,51,5,5,1,821,1848,BAJA (A)
PUEBLA,1173,428,43,13,21,4,19,133,79,5,7,1,37,1,4,1,816,1653,BAJA (A)
PUEBLA,1010,453,72,6,23,8,11,117,66,10,5,0,19,1,6,2,813,1770,BAJA (A)
PUEBLA,1559,397,27,17,15,9,18,176,74,10,9,0,33,0,6,1,811,1782,BAJA (A)
PUEBLA,1419,139,249,7,135,24,8,156,19,2,1,0,43,11,5,2,810,3011,BAJA (A)
PUEBLA,1062,225,113,9,57,22,17,193,46,5,5,2,56,4,8,9,809,3408,BAJA (A)
PUEBLA,1009,471,28,5,25,3,16,116,82,3,8,0,27,6,4,3,808,1564,BAJA (A)
PUEBLA,1525,370,71,7,22,10,23,176,50,3,4,3,35,1,2,2,808,1687,BAJA (A)
PUEBLA,1077,205,139,10,42,12,19,232,30,0,2,5,61,11,11,6,807,3573,BAJA (A)
PUEBLA,1099,424,62,19,21,6,16,111,85,5,11,2,26,4,1,5,805,1785,BAJA (A)
PUEBLA,1185,333,82,14,31,12,24,179,44,3,3,1,43,1,2,3,802,2024,BAJA (A)
PUEBLA,1382,393,39,7,13,8,21,157,80,6,8,1,39,1,3,2,799,1743,BAJA (A)
PUEBLA,1211,257,87,30,47,29,11,168,38,5,8,1,64,8,14,1,797,2380,BAJA (A)
PUEBLA,1092,313,78,15,24,16,12,184,58,5,5,2,46,2,6,2,796,2209,BAJA (A)
PUEBLA,1215,315,87,16,25,16,17,156,32,10,3,1,59,2,11,5,790,1973,BAJA (A)
PUEBLA,1034,287,73,14,34,25,14,194,53,2,2,1,55,1,4,5,786,1902,BAJA (A)
PUEBLA,1053,254,130,9,41,13,15,193,41,6,0,0,56,3,1,6,786,1439,BAJA (A)
PUEBLA,1584,249,106,11,41,15,20,180,26,11,2,1,54,3,6,8,785,2789,BAJA (A)
PUEBLA,973,289,66,14,23,11,20,177,70,11,7,1,40,5,3,4,778,1810,BAJA (A)
PUEBLA,1369,265,128,6,43,24,11,157,51,1,2,1,48,14,4,1,778,2451,BAJA (A)
PUEBLA,1583,169,99,6,50,21,15,229,39,9,3,0,70,10,7,6,772,2611,BAJA (A)
PUEBLA,1131,434,45,9,14,13,23,103,62,3,3,0,29,1,3,3,766,1433,BAJA (A)
PUEBLA,1607,172,148,7,39,81,7,198,16,6,2,0,57,4,11,6,766,2398,BAJA (A)
PUEBLA,1232,296,89,18,29,12,12,164,40,4,8,0,51,5,6,3,766,2036,BAJA (A)
PUEBLA,1437,529,22,7,17,8,20,57,70,2,6,2,11,0,1,3,763,1291,BAJA (A)
PUEBLA,1359,205,119,10,41,20,19,179,24,7,5,2,62,8,4,6,761,3053,BAJA (A)
PUEBLA,1457,442,43,8,14,3,24,87,85,10,2,1,20,0,2,1,757,1266,BAJA (A)
PUEBLA,1420,117,237,4,138,48,11,106,12,1,4,0,42,15,1,3,755,3290,BAJA (A)
PUEBLA,1174,321,65,9,22,17,16,127,94,8,7,0,38,1,7,5,753,1590,BAJA (A)
PUEBLA,1219,208,115,24,35,16,15,176,36,3,7,4,52,4,9,10,748,2225,BAJA (A)
PUEBLA,1391,191,102,13,72,12,19,206,38,3,2,0,42,6,5,4,744,2764,BAJA (A)
PUEBLA,1498,328,65,17,21,10,17,143,50,4,3,0,42,3,7,7,744,1796,BAJA (A)
PUEBLA,1101,294,68,11,33,11,15,176,42,3,8,1,51,4,2,3,742,1953,BAJA (A)
PUEBLA,1550,166,108,11,47,30,12,213,24,7,5,0,67,5,9,3,736,2152,BAJA (A)
PUEBLA,1460,222,77,8,46,8,19,197,28,5,8,1,69,1,9,6,735,1634,BAJA (A)
PUEBLA,1178,286,91,16,23,9,24,126,54,8,8,1,48,0,8,7,734,1595,BAJA (A)
PUEBLA,1157,471,35,6,17,4,16,59,78,9,7,0,16,0,3,2,733,1292,BAJA (A)
PUEBLA,1220,245,69,13,34,13,12,186,53,10,4,1,47,0,9,5,733,1515,BAJA (A)
PUEBLA,1582,202,121,6,37,23,18,171,25,4,3,2,69,1,12,1,732,2293,BAJA (A)
PUEBLA,1482,345,63,17,25,7,17,122,58,7,3,1,26,2,5,5,722,1528,BAJA (A)
PUEBLA,1361,337,61,4,20,18,12,126,73,9,3,1,35,2,1,1,719,1493,BAJA (A)
PUEBLA,1051,272,94,9,33,18,14,164,35,8,1,0,40,3,9,3,718,1970,BAJA (A)
PUEBLA,1156,454,23,6,8,4,18,65,99,6,7,0,13,0,1,1,715,1147,BAJA (A)
PUEBLA,1491,329,58,10,13,12,11,124,67,5,4,0,45,2,10,3,714,1516,BAJA (A)
PUEBLA,1409,248,143,11,29,49,6,117,38,1,6,5,35,2,9,4,714,2787,BAJA (A)
PUEBLA,1571,307,66,5,23,11,13,169,28,5,11,2,41,1,8,2,714,1402,BAJA (A)
PUEBLA,2649,250,75,22,69,9,17,148,52,5,4,1,30,0,10,1,713,2018,BAJA (A)
PUEBLA,1569,231,74,9,34,16,19,186,38,3,5,0,50,5,10,3,712,1810,BAJA (A)
PUEBLA,1453,276,65,12,34,7,18,142,60,10,7,0,44,3,8,5,711,1931,BAJA (A)
PUEBLA,1511,352,60,10,23,14,19,120,55,6,3,1,22,0,1,1,706,1388,BAJA (A)
PUEBLA,1501,376,52,9,15,3,15,111,70,3,5,1,22,1,5,0,706,1287,BAJA (A)
PUEBLA,1464,250,167,9,23,12,9,131,36,6,5,1,25,1,5,5,704,1259,BAJA (A)
PUEBLA,958,430,32,8,13,7,17,94,62,5,7,0,17,3,0,0,704,1376,BAJA (A)
PUEBLA,1579,230,87,14,38,21,20,154,41,2,5,0,47,3,8,7,701,2301,BAJA (A)
PUEBLA,1042,321,68,9,21,9,9,146,41,4,4,1,38,2,2,5,699,2056,BAJA (A)
PUEBLA,1473,268,68,9,32,11,11,161,36,6,3,1,53,6,11,2,698,1851,BAJA (A)
PUEBLA,1585,288,43,4,37,5,16,150,70,14,8,0,31,2,3,5,695,1747,BAJA (A)
PUEBLA,1004,264,74,9,36,12,13,138,54,5,6,1,43,2,8,3,695,1935,BAJA (A)
PUEBLA,1130,345,45,10,22,12,16,111,45,4,4,1,44,4,7,2,691,1636,BAJA (A)
PUEBLA,1484,298,57,13,18,18,16,136,55,6,3,1,36,6,6,1,691,1475,BAJA (A)
PUEBLA,1148,338,59,11,18,15,18,81,81,12,6,1,25,1,5,2,691,1311,BAJA (A)
PUEBLA,1418,144,190,7,70,36,3,133,21,5,0,1,48,6,3,7,690,3549,BAJA (A)
PUEBLA,1254,135,173,4,50,17,8,131,35,4,5,3,74,9,10,4,689,3480,BAJA (A)
PUEBLA,1031,220,81,7,31,6,13,168,51,11,10,0,47,5,6,2,686,1764,BAJA (A)
PUEBLA,1455,426,33,7,14,11,12,71,68,6,5,0,16,0,1,3,685,1227,BAJA (A)
PUEBLA,1512,308,69,5,28,4,13,140,51,4,10,0,25,0,6,2,685,1384,BAJA (A)
PUEBLA,942,287,53,12,32,12,21,138,56,3,7,1,25,2,3,5,684,1468,BAJA (A)
PUEBLA,1090,290,61,15,12,10,20,141,58,7,6,1,33,4,3,2,684,1679,BAJA (A)
PUEBLA,1551,207,97,8,46,16,12,165,16,4,3,0,51,4,10,8,681,2153,BAJA (A)
PUEBLA,1599,175,112,9,45,21,14,140,34,11,1,0,56,10,8,6,678,2771,BAJA (A)
PUEBLA,2630,106,59,5,38,8,6,56,73,65,63,5,67,27,55,34,675,1034,BAJA (A)
PUEBLA,1233,261,74,12,28,10,10,155,38,5,6,0,48,1,9,5,675,1790,BAJA (A)
PUEBLA,1192,306,48,9,19,6,16,132,59,7,9,0,39,1,4,4,673,1234,BAJA (A)
PUEBLA,1165,414,27,8,15,0,22,73,67,5,8,1,16,0,0,2,668,1168,BAJA (A)
PUEBLA,1142,365,45,12,20,6,18,68,79,9,6,0,14,2,2,3,665,1270,BAJA (A)
PUEBLA,1163,406,35,2,5,10,7,91,66,3,4,0,20,1,1,1,664,1277,BAJA (A)
PUEBLA,1202,219,70,9,35,18,15,161,45,4,5,2,46,2,7,2,664,1855,BAJA (A)
PUEBLA,1372,244,65,9,28,17,14,155,46,2,2,4,46,1,12,3,662,1778,BAJA (A)
PUEBLA,1459,202,71,13,29,29,21,163,34,5,1,1,51,5,8,8,659,1620,BAJA (A)
PUEBLA,1028,241,53,11,29,17,20,154,45,4,6,0,38,3,10,2,658,1887,BAJA (A)
PUEBLA,1169,243,95,8,30,15,11,142,44,4,5,0,42,2,1,0,658,1721,BAJA (A)
PUEBLA,1523,256,62,8,14,6,22,170,49,6,3,0,37,2,5,3,657,1291,BAJA (A)
PUEBLA,1414,124,125,4,75,35,4,155,27,1,5,2,57,8,12,8,656,2885,BAJA (A)
PUEBLA,1308,352,40,13,10,10,26,94,54,2,3,1,24,2,3,2,656,1263,BAJA (A)
PUEBLA,996,258,53,12,17,8,9,175,52,7,4,0,33,1,4,1,655,1401,BAJA (A)
PUEBLA,1047,214,54,8,26,14,9,187,54,0,2,0,51,0,7,2,654,1413,BAJA (A)
PUEBLA,1379,208,78,11,23,21,19,119,48,4,4,18,47,5,5,3,654,1797,BAJA (A)
PUEBLA,1026,238,51,12,30,13,11,170,43,4,4,1,37,1,8,4,654,1688,BAJA (A)
PUEBLA,961,237,56,10,26,13,25,140,52,5,3,0,49,4,7,3,653,1447,BAJA (A)
PUEBLA,1329,255,54,11,25,15,6,123,72,3,7,1,43,1,2,5,649,1991,BAJA (A)
PUEBLA,1471,252,77,7,28,9,8,149,41,5,4,2,42,3,5,3,647,1543,BAJA (A)
PUEBLA,1325,330,31,9,15,5,10,112,77,5,6,1,23,1,5,1,646,1211,BAJA (A)
PUEBLA,2625,226,51,6,31,21,20,194,38,0,1,0,20,1,11,3,646,1898,BAJA (A)
PUEBLA,1179,318,50,8,16,5,19,112,55,9,6,0,25,0,1,1,645,1322,BAJA (A)
PUEBLA,1203,224,87,5,30,13,19,147,38,6,3,0,49,0,4,4,644,1734,BAJA (A)
PUEBLA,1580,178,70,12,44,9,16,181,13,10,3,1,56,6,9,3,643,1928,BAJA (A)
PUEBLA,1352,199,79,16,24,10,16,167,26,6,2,0,58,5,9,0,643,1938,BAJA (A)
PUEBLA,1235,226,66,5,17,17,18,154,49,4,2,0,50,2,5,3,641,1693,BAJA (A)
PUEBLA,1027,245,47,6,25,13,15,157,53,4,5,0,42,1,5,4,640,1723,BAJA (A)
PUEBLA,1448,395,24,9,12,4,16,62,75,2,7,2,19,1,0,1,640,1107,BAJA (A)
PUEBLA,1513,323,53,3,16,3,16,111,54,5,4,2,16,1,6,3,640,1293,BAJA (A)
PUEBLA,944,280,60,5,34,17,19,122,32,1,2,0,25,6,3,3,638,1540,BAJA (A)
PUEBLA,2563,299,45,9,27,14,8,130,46,2,1,2,30,0,3,2,638,1394,BAJA (A)
PUEBLA,1059,215,61,9,26,19,15,124,47,9,6,1,52,5,9,7,637,2619,BAJA (A)
PUEBLA,1456,407,31,10,7,5,17,59,71,7,5,1,10,0,0,0,636,1160,BAJA (A)
PUEBLA,1164,410,33,4,9,4,13,52,55,11,10,2,15,1,4,1,636,1085,BAJA (A)
PUEBLA,1291,263,53,4,32,18,15,126,32,4,4,1,39,2,6,1,634,1396,BAJA (A)
PUEBLA,1472,231,63,11,27,10,16,147,32,5,4,0,42,4,6,4,630,1571,BAJA (A)
PUEBLA,1158,381,19,7,7,4,22,60,89,1,8,0,10,0,3,1,627,1150,BAJA (A)
PUEBLA,2650,284,71,9,24,2,15,136,30,4,2,0,30,0,1,0,627,1497,BAJA (A)
PUEBLA,1006,356,43,1,18,13,15,78,63,5,2,1,19,3,1,0,626,1344,BAJA (A)
PUEBLA,1389,207,83,9,29,11,11,131,54,6,5,0,49,3,7,2,625,1815,BAJA (A)
PUEBLA,1348,241,67,4,27,20,15,118,36,6,2,0,44,3,8,4,623,1525,BAJA (A)
PUEBLA,1494,274,62,5,17,10,14,115,46,5,2,0,40,2,8,2,623,1268,BAJA (A)
PUEBLA,981,212,58,13,41,17,17,145,45,2,3,0,39,6,9,1,622,1651,BAJA (A)
PUEBLA,1509,310,47,5,21,6,6,115,47,5,4,1,29,1,1,3,618,1267,BAJA (A)
PUEBLA,1171,333,37,5,11,8,8,99,57,8,6,0,21,1,0,0,612,1239,BAJA (A)
PUEBLA,1328,187,79,7,34,10,10,150,31,9,4,1,50,4,6,5,611,1569,BAJA (A)
PUEBLA,1149,372,26,10,12,8,20,46,70,10,6,0,14,0,2,2,610,987,BAJA (A)
PUEBLA,1570,231,46,6,30,12,9,149,30,3,4,0,56,3,6,4,610,1507,BAJA (A)
PUEBLA,1500,282,53,13,5,2,21,119,36,3,2,5,27,5,15,1,608,1109,BAJA (A)
PUEBLA,1365,175,85,10,22,12,12,157,36,4,0,0,51,3,7,12,607,1768,BAJA (A)
PUEBLA,948,186,75,11,30,17,16,145,42,3,6,1,31,12,8,2,605,2004,BAJA (A)
PUEBLA,1292,226,71,13,24,10,16,127,40,4,3,0,39,3,5,2,605,1608,BAJA (A)
PUEBLA,1530,211,74,12,30,13,10,129,42,4,2,3,44,5,1,4,604,1443,BAJA (A)
PUEBLA,1376,211,56,9,21,8,7,149,33,5,8,2,55,3,6,3,604,1802,BAJA (A)
PUEBLA,1307,173,74,4,34,19,14,143,29,10,3,2,51,6,7,6,604,1840,BAJA (A)
PUEBLA,1095,423,16,6,9,7,13,52,49,2,8,0,10,3,1,0,603,1010,BAJA (A)
PUEBLA,976,215,66,6,30,12,7,135,47,3,5,1,42,5,5,5,602,1826,BAJA (A)
PUEBLA,1370,202,102,10,20,10,14,155,21,3,0,1,26,6,3,3,602,1925,BAJA (A)
PUEBLA,1592,154,80,7,36,18,11,171,22,3,6,1,48,6,5,4,602,2609,BAJA (A)
PUEBLA,1510,266,43,12,20,13,10,147,29,6,5,0,26,1,4,4,600,1188,BAJA (A)
PUEBLA,1327,226,76,6,36,8,6,119,40,2,2,1,46,0,5,1,599,1526,BAJA (A)
PUEBLA,1506,268,60,4,16,10,18,114,47,3,8,1,25,1,2,1,596,1152,BAJA (A)
PUEBLA,1609,55,246,3,40,75,9,100,10,3,2,0,24,8,5,5,595,1874,BAJA (A)
PUEBLA,1449,369,28,8,5,5,14,57,81,1,5,1,11,0,0,0,594,994,BAJA (A)
PUEBLA,1480,299,43,9,13,5,13,113,37,9,8,0,19,0,5,1,593,995,BAJA (A)
PUEBLA,1477,196,61,21,28,19,18,140,29,2,8,2,37,3,6,6,593,1686,BAJA (A)
PUEBLA,1454,256,43,9,28,9,18,118,42,7,4,0,35,0,3,3,592,1500,BAJA (A)
PUEBLA,1159,349,32,3,17,3,24,61,61,5,4,0,15,2,0,1,591,1075,BAJA (A)
PUEBLA,1224,195,49,8,39,20,14,113,59,1,6,1,44,3,9,4,590,1547,BAJA (A)
PUEBLA,1319,171,55,12,37,16,6,173,29,4,4,0,47,4,8,2,590,1572,BAJA (A)
PUEBLA,952,238,59,8,35,13,18,112,41,3,8,1,27,3,6,1,588,1735,BAJA (A)
PUEBLA,1366,215,75,11,22,12,5,128,18,2,4,1,53,5,11,5,588,1535,BAJA (A)
PUEBLA,1049,225,78,13,30,24,13,88,42,5,4,0,29,4,2,5,586,1994,BAJA (A)
PUEBLA,1071,183,96,11,35,7,15,137,19,6,3,2,39,0,11,2,586,2346,BAJA (A)
PUEBLA,1073,156,85,9,43,30,6,132,38,6,6,3,40,4,9,3,585,2851,BAJA (A)
PUEBLA,1566,142,102,9,39,25,9,144,26,1,2,0,48,1,12,4,583,1928,BAJA (A)
PUEBLA,2622,214,92,12,16,15,5,135,32,3,2,0,36,3,1,2,581,1947,BAJA (A)
PUEBLA,1531,184,103,8,21,9,14,114,45,2,2,1,41,4,4,4,580,1456,BAJA (A)
PUEBLA,1125,269,29,10,22,11,18,103,51,4,5,0,29,0,3,3,579,1160,BAJA (A)
PUEBLA,1295,186,71,8,20,16,16,133,33,3,2,0,57,3,9,6,578,1524,BAJA (A)
PUEBLA,1572,206,58,9,17,10,17,128,27,4,8,1,55,6,6,3,577,1256,BAJA (A)
PUEBLA,1025,215,58,13,14,19,12,130,30,6,3,1,35,1,8,4,576,1463,BAJA (A)
PUEBLA,1539,190,76,9,21,17,21,117,30,6,3,0,43,7,9,4,573,1488,BAJA (A)
PUEBLA,1338,147,84,7,26,17,5,154,26,10,4,1,52,1,11,4,573,1629,BAJA (A)
PUEBLA,1023,113,27,6,13,10,3,62,21,4,1,1,27,2,2,2,571,768,BAJA (A)
PUEBLA,1529,179,102,4,22,7,11,127,33,7,3,0,41,1,4,2,571,1433,BAJA (A)
PUEBLA,1321,181,58,3,40,21,10,136,30,8,3,0,46,2,12,2,571,1521,BAJA (A)
PUEBLA,1216,240,73,1,28,7,13,105,35,3,5,0,39,1,2,2,571,1299,BAJA (A)
PUEBLA,1150,266,50,7,18,7,13,100,52,6,3,0,22,1,2,2,570,1177,BAJA (A)
PUEBLA,1180,262,42,7,16,10,12,111,44,10,3,0,27,0,8,1,568,1138,BAJA (A)
PUEBLA,1350,169,70,7,23,18,17,125,42,6,5,1,42,4,7,5,568,1696,BAJA (A)
PUEBLA,1124,294,32,5,17,7,8,90,47,6,5,0,28,1,6,2,567,1331,BAJA (A)
PUEBLA,1522,138,106,11,34,18,8,135,19,4,2,1,55,9,3,3,565,1719,BAJA (A)
PUEBLA,1003,195,67,8,25,5,16,119,44,8,5,0,38,5,5,2,563,1664,BAJA (A)
PUEBLA,1458,261,35,5,18,9,13,87,60,8,4,1,33,1,2,1,562,1242,BAJA (A)
PUEBLA,1044,197,82,8,30,14,13,128,18,1,1,0,43,2,2,4,562,1817,BAJA (A)
PUEBLA,1358,175,65,10,30,9,13,128,39,3,4,1,43,7,5,7,561,1338,BAJA (A)
PUEBLA,957,313,26,6,5,6,18,87,41,4,6,2,23,0,3,1,561,1063,BAJA (A)
PUEBLA,1209,155,82,15,28,11,14,136,20,6,4,1,49,7,6,4,561,1812,BAJA (A)
PUEBLA,1151,293,45,5,26,8,8,83,40,3,3,0,34,2,3,0,561,1227,BAJA (A)
PUEBLA,947,195,66,6,27,17,14,127,30,3,7,0,37,5,6,4,560,1638,BAJA (A)
PUEBLA,2562,251,37,4,25,6,14,112,38,0,4,0,35,4,8,2,559,1411,BAJA (A)
PUEBLA,1043,195,64,7,33,17,12,142,26,2,3,0,33,3,2,3,558,1956,BAJA (A)
PUEBLA,2623,225,48,6,28,6,12,111,52,8,2,0,34,1,6,1,558,1861,BAJA (A)
PUEBLA,1577,231,40,12,20,11,16,127,34,7,4,0,25,2,2,2,552,1033,BAJA (A)
PUEBLA,1089,303,35,8,8,2,17,80,55,6,1,0,19,0,4,0,551,990,BAJA (A)
PUEBLA,1097,206,49,13,29,12,7,135,36,1,6,0,30,3,5,1,550,1716,BAJA (A)
PUEBLA,1229,210,81,6,24,6,10,89,49,2,6,1,29,2,4,1,550,1290,BAJA (A)
PUEBLA,1520,238,45,12,24,5,21,105,32,3,3,1,35,4,1,5,548,1448,BAJA (A)
PUEBLA,2648,223,32,15,19,13,7,135,35,7,4,0,24,1,5,4,548,1547,BAJA (A)
PUEBLA,1170,321,34,3,15,4,13,67,46,4,1,0,16,0,1,6,548,1003,BAJA (A)
PUEBLA,1478,269,35,9,21,14,14,82,55,1,11,0,13,2,9,2,547,895,BAJA (A)
PUEBLA,1167,313,24,7,10,9,13,82,44,5,10,0,18,1,1,2,546,1017,BAJA (A)
PUEBLA,2653,95,119,13,38,15,14,110,34,5,4,0,42,8,8,3,546,2385,BAJA (A)
PUEBLA,2564,223,38,9,25,16,17,105,55,5,2,0,29,0,1,3,545,1086,BAJA (A)
PUEBLA,1575,168,63,7,25,11,15,119,35,3,3,0,58,1,4,7,545,1483,BAJA (A)
PUEBLA,1001,189,60,10,17,5,16,141,37,4,3,0,39,1,4,3,544,1420,BAJA (A)
PUEBLA,1183,214,46,2,16,4,13,123,44,6,7,1,42,1,8,6,543,1216,BAJA (A)
PUEBLA,1508,268,43,8,16,9,21,85,51,6,2,2,12,0,3,1,541,1052,BAJA (A)
PUEBLA,1030,248,43,8,20,6,10,107,32,2,3,0,40,1,3,2,541,1426,BAJA (A)
PUEBLA,1532,181,72,6,21,14,13,115,27,3,9,1,33,6,4,10,541,1316,BAJA (A)
PUEBLA,1503,299,22,6,9,3,13,74,79,7,2,0,11,0,1,2,538,991,BAJA (A)
PUEBLA,1447,243,42,8,20,9,9,100,48,8,5,0,27,0,5,4,537,1229,BAJA (A)
PUEBLA,943,199,58,7,19,13,10,128,46,5,7,0,20,1,4,2,537,1320,BAJA (A)
PUEBLA,1608,100,116,6,34,68,7,126,18,2,1,0,39,5,3,6,537,1231,BAJA (A)
PUEBLA,1306,181,76,9,31,11,4,128,20,2,6,1,27,3,7,4,535,1388,BAJA (A)
PUEBLA,1045,185,57,4,23,7,16,128,35,1,5,0,37,4,7,4,531,1500,BAJA (A)
PUEBLA,1502,260,55,3,15,9,5,90,34,4,6,1,33,1,1,3,530,1006,BAJA (A)
PUEBLA,1483,176,76,7,23,12,13,134,20,4,3,1,31,5,4,3,530,1403,BAJA (A)
PUEBLA,1086,286,32,8,15,4,17,87,42,10,7,0,8,0,1,0,530,963,BAJA (A)
PUEBLA,1406,192,56,16,21,15,10,105,44,1,2,0,35,0,7,2,529,1647,BAJA (A)
PUEBLA,1016,250,33,7,14,4,15,116,40,1,5,1,18,1,3,0,528,1092,BAJA (A)
PUEBLA,1452,254,37,11,14,3,16,83,67,5,4,1,19,1,3,2,528,1047,BAJA (A)
PUEBLA,2627,212,52,11,37,4,9,109,26,7,4,0,32,2,8,0,527,1785,BAJA (A)
PUEBLA,1568,144,75,6,23,7,7,123,26,6,4,1,50,8,9,7,527,1487,BAJA (A)
PUEBLA,956,252,47,14,16,11,6,81,43,1,1,0,29,2,2,2,526,1259,BAJA (A)
PUEBLA,2651,162,84,10,28,17,9,131,27,8,4,1,22,1,6,1,525,1711,BAJA (A)
PUEBLA,953,197,63,10,23,13,13,116,26,6,7,1,26,2,3,3,523,1267,BAJA (A)
PUEBLA,1353,211,58,6,17,6,8,106,36,5,2,0,43,0,4,2,523,1455,BAJA (A)
PUEBLA,1256,32,320,2,43,21,5,63,2,0,0,0,10,6,5,2,521,1214,BAJA (A)
PUEBLA,1526,200,41,11,23,8,16,125,37,3,4,1,32,2,4,0,520,1054,BAJA (A)
PUEBLA,1322,181,70,7,16,11,14,122,37,5,4,1,32,3,4,3,520,1277,BAJA (A)
PUEBLA,1450,344,12,5,13,7,9,50,54,3,6,0,10,0,1,0,519,883,BAJA (A)
PUEBLA,1218,180,89,8,18,10,11,103,32,4,9,0,32,1,3,2,519,1423,BAJA (A)
PUEBLA,1303,186,60,4,14,5,12,108,33,5,2,0,45,7,11,2,518,1437,BAJA (A)
PUEBLA,1470,239,45,14,12,8,13,98,38,4,1,0,19,1,4,2,517,1020,BAJA (A)
PUEBLA,1339,165,63,10,24,6,14,105,45,0,2,1,42,6,8,5,516,1424,BAJA (A)
PUEBLA,1094,212,48,9,29,16,11,98,29,1,2,0,32,2,2,4,516,1456,BAJA (A)
PUEBLA,1236,165,67,6,22,11,15,125,44,1,0,0,39,1,4,2,515,1504,BAJA (A)
PUEBLA,1388,201,74,4,25,4,8,106,34,2,3,0,28,3,7,2,515,1249,BAJA (A)
PUEBLA,1469,182,52,15,24,10,6,120,32,6,2,0,38,1,4,0,515,1171,BAJA (A)
PUEBLA,1069,153,83,6,46,6,7,115,22,1,3,0,35,7,7,4,513,2045,BAJA (A)
PUEBLA,1134,227,40,15,14,3,16,93,45,7,6,0,22,1,7,3,513,1246,BAJA (A)
PUEBLA,1052,172,80,7,26,7,15,118,27,3,1,3,33,2,5,2,513,1498,BAJA (A)
PUEBLA,1068,163,64,11,19,10,7,140,16,8,3,0,35,7,6,2,511,2365,BAJA (A)
PUEBLA,1121,254,28,3,11,2,17,95,51,3,6,2,25,1,1,4,511,1229,BAJA (A)
PUEBLA,2571,95,108,5,24,14,17,93,35,4,4,0,53,8,8,4,510,1956,BAJA (A)
PUEBLA,1516,160,64,9,23,17,15,119,22,3,5,2,36,4,8,6,510,1309,BAJA (A)
PUEBLA,1015,162,39,8,25,22,8,133,42,3,2,1,36,2,3,3,508,1561,BAJA (A)
PUEBLA,1489,179,41,6,41,11,17,120,23,3,2,1,35,3,7,2,507,1220,BAJA (A)
PUEBLA,1377,140,88,7,20,14,12,115,29,3,3,0,52,1,4,4,507,2147,BAJA (A)
PUEBLA,1147,290,34,6,21,7,14,58,46,6,2,0,7,2,1,5,507,906,BAJA (A)
PUEBLA,1323,162,54,11,35,7,14,105,31,4,3,1,36,1,8,3,506,1152,BAJA (A)
PUEBLA,2656,109,97,6,25,13,11,132,15,3,5,2,62,10,4,2,506,2122,BAJA (A)
PUEBLA,949,222,36,8,8,4,6,120,46,7,3,1,19,2,9,2,506,1395,BAJA (A)
PUEBLA,1422,104,113,5,49,18,9,122,22,2,0,0,39,5,3,2,505,2441,BAJA (A)
PUEBLA,1378,176,66,7,26,8,14,97,29,1,3,0,43,2,6,4,503,1662,BAJA (A)
PUEBLA,1538,189,61,5,23,8,15,100,36,2,0,0,34,3,1,4,503,1321,BAJA (A)
PUEBLA,1289,197,63,9,19,4,12,86,37,1,4,4,28,1,7,3,500,1070,BAJA (A)
PUEBLA,1490,176,48,2,25,5,12,113,45,2,4,1,41,3,2,3,499,1266,BAJA (A)
PUEBLA,1399,193,50,9,15,7,11,124,29,2,6,2,27,1,6,4,499,1250,BAJA (A)
PUEBLA,1258,100,202,2,51,18,5,59,12,1,1,0,8,4,2,1,499,1919,BAJA (A)
PUEBLA,1041,212,46,4,17,19,12,85,26,7,1,0,40,2,6,3,499,1386,BAJA (A)
PUEBLA,1088,334,26,11,5,5,11,32,47,4,4,0,12,0,1,2,498,893,BAJA (A)
PUEBLA,1479,281,27,8,9,6,18,78,38,5,5,0,14,0,2,0,497,924,BAJA (A)
PUEBLA,998,259,33,11,19,8,6,73,40,5,1,1,20,0,3,0,496,1227,BAJA (A)
PUEBLA,1507,241,25,6,16,10,7,91,39,5,1,0,28,2,2,8,496,1050,BAJA (A)
PUEBLA,1362,162,60,15,26,14,14,90,33,6,2,2,32,2,4,1,493,1304,BAJA (A)
PUEBLA,1120,236,45,7,10,8,11,82,42,3,7,1,23,0,2,2,493,1131,BAJA (A)
PUEBLA,1438,247,33,7,11,3,19,55,46,2,11,0,28,1,3,1,492,1000,BAJA (A)
PUEBLA,1100,311,22,8,12,3,11,45,50,5,5,0,10,0,1,2,491,875,BAJA (A)
PUEBLA,2603,225,43,10,13,6,11,97,37,5,2,0,22,1,6,2,490,1368,BAJA (A)
PUEBLA,1166,306,22,4,9,2,13,54,56,2,7,0,4,0,1,0,490,864,BAJA (A)
PUEBLA,1354,179,58,4,21,15,13,94,25,11,1,0,41,2,1,7,490,1228,BAJA (A)
PUEBLA,1371,151,70,6,22,18,11,102,27,3,3,0,37,3,7,5,488,1442,BAJA (A)
PUEBLA,2552,161,76,9,24,12,11,87,37,3,3,0,36,3,1,2,488,1298,BAJA (A)
PUEBLA,1367,187,52,5,17,16,10,100,43,3,3,0,29,1,5,2,488,1127,BAJA (A)
PUEBLA,1481,196,43,5,15,7,16,115,45,2,5,0,19,1,2,2,488,902,BAJA (A)
PUEBLA,1054,200,44,6,26,10,6,93,34,6,5,0,31,4,7,0,487,1799,BAJA (A)
PUEBLA,1225,166,52,9,16,9,12,111,41,4,5,1,26,3,4,5,487,1450,BAJA (A)
PUEBLA,1305,149,79,6,16,7,10,113,31,4,4,0,32,3,4,5,485,1350,BAJA (A)
PUEBLA,1222,154,69,5,35,13,11,91,38,2,5,1,22,3,3,6,484,1295,BAJA (A)
PUEBLA,1340,150,65,4,12,16,3,128,30,0,1,1,48,9,3,0,482,1228,BAJA (A)
PUEBLA,1331,165,68,3,13,10,18,105,26,2,5,1,33,3,7,5,482,1252,BAJA (A)
PUEBLA,1137,217,41,8,18,9,17,85,35,8,5,1,17,0,2,1,481,1164,BAJA (A)
PUEBLA,1126,244,32,12,22,4,7,84,36,6,2,0,15,2,2,1,480,1135,BAJA (A)
PUEBLA,1146,285,33,13,8,4,9,48,45,5,2,0,12,0,1,1,480,919,BAJA (A)
PUEBLA,1177,207,92,13,17,13,17,62,32,3,1,0,11,1,6,0,479,1366,BAJA (A)
PUEBLA,1474,172,54,9,27,10,12,116,41,3,1,1,15,3,6,0,479,1299,BAJA (A)
PUEBLA,1360,204,46,6,16,9,10,94,40,3,1,0,23,1,6,3,477,996,BAJA (A)
PUEBLA,1475,167,43,9,16,16,7,130,17,4,1,2,45,1,3,5,476,1147,BAJA (A)
PUEBLA,2570,108,120,5,28,9,10,75,32,3,3,4,41,5,8,1,472,1624,BAJA (A)
PUEBLA,1387,212,29,6,19,11,8,106,26,3,5,0,27,2,2,1,471,985,BAJA (A)
PUEBLA,1433,209,56,8,20,4,17,88,22,3,5,1,20,3,0,2,471,1045,BAJA (A)
PUEBLA,985,225,30,4,18,6,10,102,37,7,4,1,14,3,0,0,471,906,BAJA (A)
PUEBLA,1012,228,31,7,13,12,8,108,24,4,2,0,25,1,3,1,470,1026,BAJA (A)
PUEBLA,1296,143,63,7,24,13,11,122,16,3,2,0,33,1,5,4,470,1398,BAJA (A)
PUEBLA,1527,190,47,10,13,9,14,98,29,2,7,1,27,0,2,2,470,893,BAJA (A)
PUEBLA,1574,158,36,6,17,12,4,114,30,4,5,1,42,1,9,6,468,1178,BAJA (A)
PUEBLA,1393,165,49,7,22,12,14,99,28,2,3,1,38,3,4,1,468,1309,BAJA (A)
PUEBLA,1351,172,60,8,18,15,15,96,28,5,2,1,25,3,6,1,467,1343,BAJA (A)
PUEBLA,1436,304,20,7,8,4,14,46,40,4,5,0,7,0,0,1,466,812,BAJA (A)
PUEBLA,1357,154,52,6,28,8,5,88,31,6,4,2,46,5,3,5,465,1277,BAJA (A)
PUEBLA,962,173,51,5,12,6,8,100,43,3,4,1,31,0,1,6,463,1081,BAJA (A)
PUEBLA,1133,218,45,5,25,5,14,66,46,3,5,2,16,2,2,1,462,1123,BAJA (A)
PUEBLA,2565,137,72,6,22,16,12,104,25,5,0,0,35,2,5,4,462,1484,BAJA (A)
PUEBLA,1383,177,41,7,17,6,17,85,40,5,3,2,26,1,4,2,461,1059,BAJA (A)
PUEBLA,2652,100,75,6,31,10,6,117,28,4,3,1,44,8,12,3,461,1542,BAJA (A)
PUEBLA,1132,238,31,8,10,2,8,75,39,5,8,2,17,0,3,1,460,1049,BAJA (A)
PUEBLA,1302,175,19,29,26,20,38,97,22,3,6,0,16,0,0,1,459,687,BAJA (A)
PUEBLA,1162,270,25,3,6,4,14,50,48,4,8,0,12,1,3,0,458,749,BAJA (A)
PUEBLA,2560,145,45,13,24,8,8,115,40,6,1,0,29,1,7,1,457,1240,BAJA (A)
PUEBLA,1385,176,44,4,20,3,8,116,26,3,5,0,30,0,4,4,456,1065,BAJA (A)
PUEBLA,1465,151,67,9,19,11,12,96,34,3,3,1,23,3,9,0,455,1520,BAJA (A)
PUEBLA,1573,153,66,7,16,10,7,97,18,4,4,0,47,2,2,2,455,1102,BAJA (A)
PUEBLA,1064,150,58,8,15,14,11,113,30,4,4,0,27,1,5,4,454,1573,BAJA (A)
PUEBLA,1333,149,79,5,14,12,13,89,22,5,2,0,36,1,3,2,454,1148,BAJA (A)
PUEBLA,1316,145,61,5,18,8,5,123,15,6,4,0,33,2,3,0,453,1365,BAJA (A)
PUEBLA,980,162,46,9,26,13,8,119,29,7,1,0,20,3,0,2,453,1404,BAJA (A)
PUEBLA,1102,201,46,2,13,9,12,72,31,3,5,0,28,5,1,3,453,1262,BAJA (A)
PUEBLA,1227,156,49,4,28,9,15,91,38,5,4,2,32,2,4,1,452,1231,BAJA (A)
PUEBLA,1111,200,34,2,15,5,14,83,48,2,2,0,23,2,5,0,452,1069,BAJA (A)
PUEBLA,1255,85,113,3,27,17,0,118,21,0,6,0,28,5,4,6,451,2237,BAJA (A)
PUEBLA,2663,247,28,6,12,9,13,62,40,7,3,0,13,2,3,0,450,1180,BAJA (A)
PUEBLA,960,203,23,8,21,5,18,74,40,3,4,0,26,1,5,2,450,889,BAJA (A)
PUEBLA,1288,148,60,9,22,9,12,107,22,2,3,0,29,2,4,2,449,1169,BAJA (A)
PUEBLA,1007,150,48,3,27,13,4,116,23,5,1,0,34,5,5,2,449,1501,BAJA (A)
PUEBLA,1412,65,59,3,53,21,9,151,8,3,3,6,34,13,3,4,449,2391,BAJA (A)
PUEBLA,1136,224,31,7,11,7,11,63,42,4,2,2,24,1,1,1,449,1016,BAJA (A)
PUEBLA,1601,138,116,2,21,13,4,70,20,1,2,0,28,8,3,3,449,1746,BAJA (A)
PUEBLA,1287,229,43,2,12,8,9,67,40,3,2,0,13,2,2,1,449,921,BAJA (A)
PUEBLA,1184,159,48,9,22,9,11,129,11,2,4,0,19,0,7,2,448,1119,BAJA (A)
PUEBLA,1168,149,49,9,23,14,9,93,30,6,4,0,30,2,8,3,448,1173,BAJA (A)
PUEBLA,999,246,36,3,6,2,4,71,43,6,1,0,13,0,4,2,447,922,BAJA (A)
PUEBLA,1564,114,75,3,37,16,5,92,26,4,1,1,31,8,4,4,447,1579,BAJA (A)
PUEBLA,1545,153,39,5,28,7,8,101,36,0,3,1,42,1,2,2,447,1018,BAJA (A)
PUEBLA,2554,144,63,7,27,11,11,96,23,2,3,2,31,3,6,2,446,1252,BAJA (A)
PUEBLA,1549,155,50,8,20,7,7,98,27,6,3,0,36,1,2,3,446,1089,BAJA (A)
PUEBLA,1441,202,42,16,18,2,16,68,35,2,2,0,19,0,1,1,446,1039,BAJA (A)
PUEBLA,959,241,42,7,20,9,12,53,25,3,0,0,17,1,0,3,445,1124,BAJA (A)
PUEBLA,1435,238,29,5,6,1,15,61,45,7,3,1,14,0,3,1,442,904,BAJA (A)
PUEBLA,1299,164,61,7,6,10,11,93,45,5,2,2,16,3,2,1,442,1205,BAJA (A)
PUEBLA,1063,154,36,8,28,9,11,110,21,4,4,0,22,3,12,3,442,1703,BAJA (A)
PUEBLA,1404,173,44,4,10,6,8,79,40,1,8,3,24,6,5,4,442,1232,BAJA (A)
PUEBLA,1349,153,39,6,20,6,10,113,33,1,4,0,44,1,2,1,441,1435,BAJA (A)
PUEBLA,2657,128,71,5,26,6,8,89,21,7,0,1,43,4,5,4,441,1543,BAJA (A)
PUEBLA,1228,158,52,7,23,14,13,84,25,0,3,1,25,2,6,3,440,1294,BAJA (A)
PUEBLA,1373,154,56,3,22,4,7,96,23,4,3,0,35,3,3,3,440,1210,BAJA (A)
PUEBLA,1598,130,70,5,22,9,18,108,22,3,0,0,26,3,5,1,439,1245,BAJA (A)
PUEBLA,1345,169,40,8,18,11,5,82,25,6,4,1,34,8,5,5,439,994,BAJA (A)
PUEBLA,2655,102,96,7,24,6,7,95,27,2,3,1,42,5,2,4,436,2070,BAJA (A)
PUEBLA,1337,204,30,8,9,11,13,93,26,5,3,0,15,0,7,0,435,986,BAJA (A)
PUEBLA,1346,126,63,5,33,7,12,86,25,0,1,0,44,4,9,4,435,1013,BAJA (A)
PUEBLA,1281,163,45,5,12,10,10,102,19,4,2,3,39,2,4,3,434,930,BAJA (A)
PUEBLA,1282,174,63,8,11,5,12,85,28,2,5,0,20,1,1,4,433,830,BAJA (A)
PUEBLA,1485,178,40,4,22,8,8,93,34,2,3,0,22,0,1,0,433,1142,BAJA (A)
PUEBLA,2576,119,79,9,19,8,7,86,27,3,4,0,37,6,6,5,433,1580,BAJA (A)
PUEBLA,2575,116,85,5,19,17,10,74,33,5,3,0,26,8,6,4,431,1561,BAJA (A)
PUEBLA,1140,207,35,11,8,11,17,62,36,2,3,0,22,2,3,0,431,1029,BAJA (A)
PUEBLA,2556,155,58,9,10,8,7,72,38,7,2,2,26,4,6,1,430,1213,BAJA (A)
PUEBLA,1384,168,48,6,19,6,8,103,17,2,3,1,28,0,3,4,430,1092,BAJA (A)
PUEBLA,1311,167,51,3,10,4,6,86,23,1,3,1,33,3,4,5,428,956,BAJA (A)
PUEBLA,1356,140,69,9,21,10,9,82,21,5,1,1,32,2,6,4,427,1235,BAJA (A)
PUEBLA,1557,120,50,10,24,11,9,97,22,2,3,0,46,5,5,6,426,1029,BAJA (A)
PUEBLA,1189,165,56,3,14,4,6,107,23,3,1,1,20,2,4,2,426,876,BAJA (A)
PUEBLA,979,135,48,6,30,13,7,98,30,3,2,0,28,1,3,2,425,1177,BAJA (A)
PUEBLA,1547,139,46,2,11,9,11,105,39,6,3,1,33,3,1,4,425,974,BAJA (A)
PUEBLA,1098,200,34,8,20,10,8,69,28,3,3,0,24,0,1,1,424,1062,BAJA (A)
PUEBLA,2606,219,29,8,14,3,13,79,26,3,4,0,18,0,1,1,424,1166,BAJA (A)
PUEBLA,2574,118,55,8,31,12,12,92,28,4,2,2,28,2,5,3,423,1516,BAJA (A)
PUEBLA,1364,124,55,9,22,14,7,83,26,4,7,0,35,3,3,5,423,1249,BAJA (A)
PUEBLA,1334,148,54,4,17,7,5,87,25,1,4,1,38,3,2,3,422,1053,BAJA (A)
PUEBLA,1518,144,44,7,19,3,3,99,39,3,3,2,28,1,3,3,420,928,BAJA (A)
PUEBLA,1544,136,36,5,14,14,16,94,23,0,4,1,36,6,6,1,419,877,BAJA (A)
PUEBLA,2568,122,50,8,31,13,13,87,22,0,4,0,43,6,2,4,419,1440,BAJA (A)
PUEBLA,1440,194,29,6,13,5,18,64,46,3,7,0,10,0,0,0,419,758,BAJA (A)
PUEBLA,1079,120,64,6,29,10,6,94,18,1,2,1,35,3,5,4,418,1897,BAJA (A)
PUEBLA,1290,208,29,4,13,6,9,71,31,6,6,1,24,1,1,2,418,947,BAJA (A)
PUEBLA,1519,120,70,4,10,8,7,108,29,2,6,1,29,4,5,6,417,1176,BAJA (A)
PUEBLA,1504,197,13,9,11,5,19,69,42,3,7,1,20,1,0,4,416,771,BAJA (A)
PUEBLA,974,165,31,2,12,6,8,105,33,4,4,0,28,2,4,0,415,1120,BAJA (A)
PUEBLA,2601,170,36,7,13,8,9,110,25,0,2,1,15,0,2,0,415,1324,BAJA (A)
PUEBLA,941,216,22,8,10,6,12,67,29,5,4,0,21,0,0,0,414,778,BAJA (A)
PUEBLA,1032,133,51,6,16,3,11,107,31,2,0,0,26,6,1,2,414,1188,BAJA (A)
PUEBLA,1105,236,17,7,4,5,14,51,45,6,7,0,11,0,2,1,414,911,BAJA (A)
PUEBLA,2628,164,48,6,10,6,8,82,34,4,4,0,28,1,2,0,413,1381,BAJA (A)
PUEBLA,1446,158,59,5,20,4,9,83,29,1,3,0,21,0,2,1,413,1049,BAJA (A)
PUEBLA,1315,158,53,10,14,15,9,66,28,1,0,0,29,3,4,2,411,1057,BAJA (A)
PUEBLA,2566,147,42,4,19,8,9,81,38,4,4,1,31,0,4,1,410,1120,BAJA (A)
PUEBLA,2626,125,37,5,20,10,3,44,16,2,102,1,18,1,3,4,409,1231,BAJA (A)
PUEBLA,1554,142,35,7,20,7,11,92,19,3,3,6,32,4,7,2,409,1284,BAJA (A)
PUEBLA,2555,114,70,5,25,6,7,97,25,9,3,1,26,2,1,2,408,1196,BAJA (A)
PUEBLA,1335,147,55,4,13,10,8,106,21,0,5,0,23,0,4,1,407,900,BAJA (A)
PUEBLA,1018,151,35,6,22,11,10,87,24,1,2,0,35,1,5,0,407,978,BAJA (A)
PUEBLA,940,190,32,3,11,7,12,77,37,8,4,1,16,0,0,2,407,883,BAJA (A)
PUEBLA,993,155,38,3,13,1,13,103,24,3,7,0,26,4,2,2,406,1105,BAJA (A)
PUEBLA,1161,283,11,4,2,6,8,29,45,3,5,0,2,1,1,1,405,686,BAJA (A)
PUEBLA,1135,190,28,0,10,5,9,87,39,5,1,0,13,0,3,1,405,973,BAJA (A)
PUEBLA,1160,276,13,5,2,4,9,26,41,10,7,0,6,1,0,1,405,721,BAJA (A)
PUEBLA,1553,143,53,4,15,8,4,93,25,4,3,1,30,3,4,4,403,1102,BAJA (A)
PUEBLA,945,167,40,6,12,11,6,79,30,3,3,1,28,2,2,0,402,1045,BAJA (A)
PUEBLA,1317,143,47,2,21,11,4,99,24,2,2,0,27,2,3,0,401,1066,BAJA (A)
PUEBLA,1521,176,29,4,24,4,4,89,22,1,2,0,31,0,3,1,400,1087,BAJA (A)
PUEBLA,2631,106,74,7,25,17,8,76,9,8,3,0,37,4,4,0,400,1939,BAJA (A)
PUEBLA,986,128,45,5,22,12,12,105,24,2,1,0,20,1,5,4,398,1055,BAJA (A)
PUEBLA,1046,149,63,5,14,5,14,78,29,5,1,0,17,1,2,2,398,1251,BAJA (A)
PUEBLA,978,179,30,6,10,4,7,84,27,1,1,0,30,4,3,3,397,1244,BAJA (A)
PUEBLA,1341,132,29,4,21,8,10,119,11,0,3,1,36,3,7,4,397,1122,BAJA (A)
PUEBLA,1067,119,65,8,22,12,10,82,23,2,2,0,28,3,1,2,397,1745,BAJA (A)
PUEBLA,2569,146,54,7,18,8,6,70,21,3,5,1,25,5,7,3,396,1290,BAJA (A)
PUEBLA,1039,142,45,7,11,3,8,98,30,4,2,2,23,3,9,1,396,969,BAJA (A)
PUEBLA,1541,139,45,10,16,17,8,73,30,3,3,0,28,2,5,3,395,1188,BAJA (A)
PUEBLA,1056,130,64,3,23,17,11,82,18,1,1,0,28,2,3,1,393,1119,BAJA (A)
PUEBLA,1556,117,54,4,20,11,7,103,11,2,2,0,32,4,8,3,393,1094,BAJA (A)
PUEBLA,1363,125,44,8,14,4,11,94,28,2,1,1,32,1,2,1,393,1123,BAJA (A)
PUEBLA,1444,129,51,5,10,10,4,102,29,1,2,1,25,2,5,6,392,911,BAJA (A)
PUEBLA,1141,202,28,6,13,3,15,57,36,3,3,0,13,0,4,1,392,808,BAJA (A)
PUEBLA,972,112,45,5,16,8,7,126,16,1,0,0,34,4,2,1,391,937,BAJA (A)
PUEBLA,1037,137,41,6,16,6,8,99,21,5,0,0,25,3,7,1,391,1136,BAJA (A)
PUEBLA,1118,188,38,5,13,4,8,63,22,3,5,0,22,1,5,1,391,879,BAJA (A)
PUEBLA,1576,126,45,7,20,10,3,80,29,5,6,2,28,6,6,3,390,958,BAJA (A)
PUEBLA,1546,125,49,2,18,7,9,101,28,3,1,0,24,1,2,3,390,910,BAJA (A)
PUEBLA,2558,128,76,6,23,9,9,61,22,2,3,0,32,2,5,3,390,1168,BAJA (A)
PUEBLA,1038,153,51,1,10,9,7,73,26,2,3,1,28,1,3,5,389,1068,BAJA (A)
PUEBLA,1540,133,65,3,7,4,10,80,28,4,3,0,25,4,3,3,389,885,BAJA (A)
PUEBLA,1395,113,25,6,26,17,7,103,28,4,3,1,31,1,1,7,389,1228,BAJA (A)
PUEBLA,1342,123,38,8,19,10,11,97,24,3,2,0,29,4,1,1,388,977,BAJA (A)
PUEBLA,2553,116,56,1,13,8,9,90,23,4,6,1,37,1,4,1,388,1112,BAJA (A)
PUEBLA,1563,129,63,6,12,10,6,113,8,2,4,1,21,3,2,0,386,1432,BAJA (A)
PUEBLA,1300,137,30,5,18,6,5,105,25,2,6,1,27,0,2,4,386,1016,BAJA (A)
PUEBLA,954,149,41,3,16,12,5,72,26,3,4,0,29,0,4,1,383,1075,BAJA (A)
PUEBLA,995,133,26,6,15,5,9,100,30,4,5,0,30,1,5,2,382,917,BAJA (A)
PUEBLA,1442,157,50,5,11,8,6,60,28,2,3,2,26,1,3,3,381,965,BAJA (A)
PUEBLA,1310,157,34,4,11,5,6,87,31,3,6,1,17,1,3,1,380,976,BAJA (A)
PUEBLA,1022,143,29,6,18,6,11,88,23,1,4,0,27,4,5,3,379,810,BAJA (A)
PUEBLA,1421,65,119,3,43,19,4,80,10,0,2,0,10,4,2,5,379,1461,BAJA (A)
PUEBLA,1528,106,66,2,14,3,15,96,18,5,2,0,31,2,6,2,378,830,BAJA (A)
PUEBLA,1207,76,79,6,15,13,12,94,30,2,5,0,16,5,6,4,378,1204,BAJA (A)
PUEBLA,1293,122,61,3,12,8,7,81,22,3,4,0,24,1,3,2,377,1273,BAJA (A)
PUEBLA,2594,170,26,6,12,1,11,78,38,2,4,0,12,0,6,2,376,984,BAJA (A)
PUEBLA,1463,147,33,7,12,7,7,84,13,2,4,0,24,0,6,6,376,948,BAJA (A)
PUEBLA,1462,144,41,6,7,4,10,91,18,3,3,1,22,3,6,7,376,913,BAJA (A)
PUEBLA,1268,142,40,7,19,9,8,82,27,5,4,0,21,0,5,2,376,859,BAJA (A)
PUEBLA,1394,128,63,6,16,8,7,70,30,1,3,0,13,2,11,2,374,1091,BAJA (A)
PUEBLA,1467,104,57,6,25,6,9,85,23,8,1,0,30,1,2,3,374,1198,BAJA (A)
PUEBLA,1402,108,53,4,16,5,10,84,32,3,3,1,32,0,3,4,374,1019,BAJA (A)
PUEBLA,2629,94,70,4,20,16,7,75,25,4,4,0,28,2,5,1,372,1318,BAJA (A)
PUEBLA,1208,78,41,7,28,14,6,119,9,0,1,2,41,4,5,3,372,1064,BAJA (A)
PUEBLA,1297,121,31,17,18,8,9,92,19,4,3,4,30,1,3,1,372,951,BAJA (A)
PUEBLA,1017,151,29,7,14,9,13,94,16,2,3,0,20,1,0,3,371,974,BAJA (A)
PUEBLA,1029,195,20,6,10,5,7,60,35,5,2,0,16,2,1,2,371,838,BAJA (A)
PUEBLA,2617,170,29,10,11,3,4,76,28,2,2,0,22,1,3,1,371,952,BAJA (A)
PUEBLA,2604,148,31,4,24,6,6,88,28,1,4,1,12,0,4,2,370,1032,BAJA (A)
PUEBLA,2572,78,57,5,20,11,14,95,19,6,4,2,38,0,4,2,369,1615,BAJA (A)
PUEBLA,2578,128,49,7,16,15,11,66,22,1,6,0,23,2,2,2,367,1249,BAJA (A)
PUEBLA,1117,184,30,2,10,2,9,63,31,3,6,0,13,3,3,2,367,754,BAJA (A)
PUEBLA,1443,150,35,3,13,6,12,63,31,1,2,0,25,1,2,4,366,934,BAJA (A)
PUEBLA,2632,128,58,6,13,12,10,70,16,2,3,0,24,3,2,1,365,1162,BAJA (A)
PUEBLA,1014,152,22,4,18,2,7,100,28,2,2,0,12,1,1,4,364,780,BAJA (A)
PUEBLA,1230,125,67,4,12,9,7,70,29,3,2,0,18,2,2,0,364,883,BAJA (A)
PUEBLA,1057,114,36,5,27,11,6,88,26,4,1,1,27,3,2,0,363,1121,BAJA (A)
PUEBLA,2582,65,93,5,29,8,7,63,8,2,3,2,45,7,5,2,363,1442,BAJA (A)
PUEBLA,2567,160,27,3,13,8,7,85,11,0,2,0,25,3,2,5,361,1164,BAJA (A)
PUEBLA,1087,202,19,5,4,1,8,39,46,6,4,0,11,1,0,0,359,717,BAJA (A)
PUEBLA,1280,148,36,7,14,3,14,75,28,4,6,0,9,1,3,1,359,672,BAJA (A)
PUEBLA,984,130,38,10,13,9,3,99,27,2,5,1,8,1,3,0,359,851,BAJA (A)
PUEBLA,1451,218,18,6,10,1,9,34,44,0,0,0,10,0,0,0,357,717,BAJA (A)
PUEBLA,2602,146,25,1,15,6,16,89,19,0,0,0,28,0,3,0,357,1006,BAJA (A)
PUEBLA,1430,124,51,5,12,1,8,85,18,2,5,0,23,2,3,2,355,877,BAJA (A)
PUEBLA,2616,156,26,7,19,6,10,67,26,2,2,0,14,1,1,3,353,897,BAJA (A)
PUEBLA,1468,130,38,7,5,8,7,96,26,1,3,0,18,2,4,0,353,1050,BAJA (A)
PUEBLA,1294,129,34,7,20,7,15,70,23,3,0,2,21,2,2,4,352,865,BAJA (A)
PUEBLA,2551,86,52,6,24,17,14,70,22,2,5,1,25,4,2,5,351,911,BAJA (A)
PUEBLA,2573,86,38,8,28,3,9,92,13,5,0,0,28,2,10,4,349,1384,BAJA (A)
PUEBLA,1122,166,23,5,13,2,9,55,38,3,2,1,16,0,2,0,349,837,BAJA (A)
PUEBLA,1403,127,36,5,11,12,6,73,26,3,1,0,23,3,0,1,347,1004,BAJA (A)
PUEBLA,1332,152,27,9,18,10,3,64,19,5,0,1,26,0,2,1,345,856,BAJA (A)
PUEBLA,1466,133,42,7,18,8,5,76,20,4,1,1,13,1,3,2,344,1018,BAJA (A)
PUEBLA,1145,179,23,2,9,4,15,48,30,4,2,0,8,0,4,4,343,680,BAJA (A)
PUEBLA,1075,100,58,8,21,13,9,60,20,1,3,0,18,4,5,1,340,1937,BAJA (A)
PUEBLA,1487,92,43,3,18,13,5,98,15,6,1,0,26,3,3,3,340,1163,BAJA (A)
PUEBLA,1439,146,33,6,16,6,7,74,18,2,4,1,15,0,2,1,336,624,BAJA (A)
PUEBLA,1226,114,40,5,22,7,5,60,29,1,4,3,29,2,3,0,334,989,BAJA (A)
PUEBLA,2550,75,82,8,20,13,3,87,14,1,0,0,22,1,1,1,334,1193,BAJA (A)
PUEBLA,2583,181,15,1,15,3,14,52,20,2,2,0,14,0,1,1,333,730,BAJA (A)
PUEBLA,1237,122,49,7,14,7,14,61,24,2,1,0,18,1,5,2,332,1065,BAJA (A)
PUEBLA,1581,122,48,7,15,9,10,66,8,2,0,0,15,4,8,3,332,1110,BAJA (A)
PUEBLA,1279,140,38,9,15,4,12,56,23,4,1,0,19,1,3,0,331,656,BAJA (A)
PUEBLA,1326,120,46,10,15,8,3,69,19,5,5,0,20,1,0,2,331,878,BAJA (A)
PUEBLA,955,117,50,3,22,9,10,73,10,3,2,0,19,0,1,2,329,884,BAJA (A)
PUEBLA,1143,183,21,2,4,2,5,55,27,1,4,0,15,0,1,0,328,610,BAJA (A)
PUEBLA,1138,170,17,4,6,4,8,65,24,5,0,0,8,0,2,0,324,683,BAJA (A)
PUEBLA,1517,100,39,2,23,5,9,80,18,1,2,0,24,2,5,5,323,754,BAJA (A)
PUEBLA,1597,120,22,2,14,2,5,92,20,1,1,0,27,1,1,2,322,864,BAJA (A)
PUEBLA,2577,87,62,4,12,5,2,93,4,2,2,0,20,1,2,3,321,1468,BAJA (A)
PUEBLA,1514,97,50,4,9,7,6,73,21,1,3,0,28,1,3,3,320,910,BAJA (A)
PUEBLA,1543,98,37,4,18,10,6,86,24,2,3,1,17,0,0,2,319,804,BAJA (A)
PUEBLA,1257,68,137,4,34,6,5,23,10,0,0,0,6,3,2,1,318,1109,BAJA (A)
PUEBLA,1330,116,26,8,9,6,13,66,23,3,1,0,24,2,3,2,315,882,BAJA (A)
PUEBLA,2613,130,24,4,20,7,4,75,18,3,1,0,21,1,4,1,315,882,BAJA (A)
PUEBLA,1488,110,57,4,16,7,5,67,13,1,2,0,19,0,3,1,314,1087,BAJA (A)
PUEBLA,975,109,33,7,17,4,6,83,14,1,3,0,19,1,7,1,313,888,BAJA (A)
PUEBLA,963,120,44,3,8,1,6,63,21,0,3,1,28,1,3,0,311,783,BAJA (A)
PUEBLA,1392,104,47,5,23,3,6,59,28,3,5,0,19,0,2,0,311,917,BAJA (A)
PUEBLA,1123,147,29,6,13,1,8,48,18,0,1,0,16,4,0,4,308,846,BAJA (A)
PUEBLA,2624,100,53,3,16,4,2,63,18,2,1,0,19,5,6,2,307,1176,BAJA (A)
PUEBLA,2580,100,48,3,15,10,8,62,14,1,1,0,22,5,3,1,307,1292,BAJA (A)
PUEBLA,1486,115,43,1,17,3,5,52,21,3,1,0,32,1,2,1,307,1038,BAJA (A)
PUEBLA,1461,92,32,4,16,12,9,76,17,5,2,0,22,0,8,3,306,776,BAJA (A)
PUEBLA,1309,112,40,4,14,6,6,70,17,1,0,0,16,2,0,2,306,932,BAJA (A)
PUEBLA,2581,70,75,5,13,14,3,52,8,2,2,1,32,1,5,1,304,1164,BAJA (A)
PUEBLA,1495,118,53,7,14,8,5,44,18,0,2,0,23,1,2,2,303,837,BAJA (A)
PUEBLA,1210,70,53,3,15,9,6,88,9,2,0,0,24,4,4,3,303,1174,BAJA (A)
PUEBLA,997,127,37,5,6,9,7,49,24,2,2,0,16,0,4,0,302,761,BAJA (A)
PUEBLA,2658,105,50,3,12,6,13,60,7,1,1,0,23,1,1,3,300,1445,BAJA (A)
PUEBLA,1074,79,58,3,23,14,7,68,13,1,1,0,19,4,1,0,299,1293,BAJA (A)
PUEBLA,2585,176,12,7,7,1,9,45,21,1,2,0,9,1,2,0,299,647,BAJA (A)
PUEBLA,1401,113,22,7,10,8,10,73,15,4,1,0,13,3,4,0,298,757,BAJA (A)
PUEBLA,1497,96,42,7,16,2,4,61,24,2,2,1,26,0,5,1,298,944,BAJA (A)
PUEBLA,2557,131,27,8,14,4,9,42,26,3,4,0,16,2,5,1,297,1111,BAJA (A)
PUEBLA,2610,123,24,5,4,6,5,73,24,0,2,0,15,0,6,0,296,823,BAJA (A)
PUEBLA,2608,124,23,5,23,2,9,55,17,4,3,0,13,0,2,1,296,782,BAJA (A)
PUEBLA,1496,110,47,2,12,2,4,62,21,1,0,0,21,2,3,1,295,714,BAJA (A)
PUEBLA,1278,132,22,4,9,7,12,56,22,3,3,0,8,0,3,2,295,619,BAJA (A)
PUEBLA,1231,103,47,1,12,6,5,51,19,6,2,0,20,4,1,4,293,707,BAJA (A)
PUEBLA,2591,126,17,5,16,8,8,60,28,1,2,2,9,0,1,0,292,697,BAJA (A)
PUEBLA,2559,114,39,10,7,14,3,54,14,2,4,0,20,1,3,2,292,807,BAJA (A)
PUEBLA,1024,112,29,3,10,7,3,66,10,2,0,0,30,0,2,1,291,653,BAJA (A)
PUEBLA,1381,69,33,4,13,6,4,86,8,2,2,0,27,3,3,8,286,805,BAJA (A)
PUEBLA,1144,161,23,4,4,2,7,29,24,2,3,0,12,2,0,2,285,672,BAJA (A)
PUEBLA,1312,124,17,4,15,7,5,61,17,1,3,0,14,0,0,3,283,699,BAJA (A)
PUEBLA,1499,102,33,5,15,5,8,64,20,2,1,0,16,0,2,2,280,907,BAJA (A)
PUEBLA,1103,151,19,3,4,5,12,33,33,2,2,0,7,0,1,0,278,569,BAJA (A)
PUEBLA,1431,96,35,4,9,8,9,48,17,3,3,1,22,1,3,0,271,677,BAJA (A)
PUEBLA,1301,110,25,2,15,1,5,60,14,5,1,0,14,1,2,2,270,698,BAJA (A)
PUEBLA,1344,106,30,4,8,3,4,56,24,1,1,0,16,2,3,2,269,548,BAJA (A)
PUEBLA,1239,74,41,2,7,8,6,70,16,2,2,0,23,1,1,2,268,776,BAJA (A)
PUEBLA,2600,137,19,3,10,4,6,50,17,3,0,0,7,0,0,1,263,710,BAJA (A)
PUEBLA,1445,93,36,8,7,3,5,71,13,3,0,0,8,0,0,1,262,762,BAJA (A)
PUEBLA,1274,131,20,4,6,1,8,40,21,3,5,0,9,0,4,2,262,509,BAJA (A)
PUEBLA,2605,118,15,4,7,2,9,52,21,0,1,1,18,0,4,0,261,777,BAJA (A)
PUEBLA,1020,114,22,3,5,6,5,41,33,0,0,0,26,0,0,0,261,662,BAJA (A)
PUEBLA,964,126,21,2,3,1,6,57,17,3,1,0,11,1,4,1,260,571,BAJA (A)
PUEBLA,946,106,25,7,15,6,6,68,8,2,1,0,10,0,1,0,258,743,BAJA (A)
PUEBLA,2593,121,24,5,10,2,8,52,22,0,0,0,7,0,0,1,257,673,BAJA (A)
PUEBLA,1241,57,54,2,10,4,7,64,12,2,2,0,26,5,2,1,255,703,BAJA (A)
PUEBLA,2586,96,31,5,6,2,10,57,12,2,2,0,16,2,3,0,255,529,BAJA (A)
PUEBLA,2612,110,18,2,7,3,10,51,23,0,1,1,12,0,5,0,254,814,BAJA (A)
PUEBLA,994,79,20,2,6,4,5,80,17,3,2,0,18,1,2,6,252,600,BAJA (A)
PUEBLA,2579,67,46,4,11,3,5,52,14,0,4,0,28,0,6,2,252,1093,BAJA (A)
PUEBLA,2643,200,4,2,7,1,11,8,14,1,0,0,1,0,0,1,251,417,BAJA (A)
PUEBLA,1286,96,31,3,16,3,4,60,14,0,0,0,0,0,0,14,250,582,BAJA (A)
PUEBLA,1048,92,26,5,8,4,6,46,19,0,0,0,16,2,2,0,249,788,BAJA (A)
PUEBLA,2607,118,23,1,6,4,9,46,15,4,0,1,11,0,0,0,247,648,BAJA (A)
PUEBLA,1139,116,21,2,4,1,5,44,29,3,2,0,9,1,0,1,246,569,BAJA (A)
PUEBLA,1040,95,23,4,12,3,9,59,19,2,2,0,11,1,2,1,246,599,BAJA (A)
PUEBLA,1515,77,51,3,6,5,4,53,17,2,2,0,6,4,3,2,242,683,BAJA (A)
PUEBLA,1152,140,8,1,9,6,4,30,20,4,4,0,9,0,0,1,238,555,BAJA (A)
PUEBLA,1298,102,22,2,8,4,4,41,17,3,3,0,18,2,1,1,237,644,BAJA (A)
PUEBLA,2609,112,12,7,9,1,8,45,24,1,0,0,6,0,1,1,234,682,BAJA (A)
PUEBLA,1223,88,39,3,10,4,7,35,18,2,0,0,13,1,3,1,233,633,BAJA (A)
PUEBLA,2592,92,22,4,3,8,3,49,19,2,2,0,13,1,0,1,233,531,BAJA (A)
PUEBLA,2654,46,48,2,15,2,4,53,13,1,3,0,23,9,3,2,233,1716,BAJA (A)
PUEBLA,1116,109,32,3,4,4,7,41,16,1,3,0,7,0,0,1,231,461,BAJA (A)
PUEBLA,1271,90,29,2,12,3,3,41,22,0,1,0,17,0,0,0,230,594,BAJA (A)
PUEBLA,2618,78,16,4,11,2,6,61,20,2,2,1,19,0,1,0,227,701,BAJA (A)
PUEBLA,1600,64,37,1,21,8,3,44,12,1,1,1,19,2,2,3,227,1149,BAJA (A)
PUEBLA,1267,91,31,1,7,6,5,40,17,1,2,0,13,0,4,1,227,618,BAJA (A)
PUEBLA,1085,113,27,3,6,3,7,23,26,3,1,0,8,0,0,0,225,531,BAJA (A)
PUEBLA,1426,109,23,4,8,2,4,33,12,3,2,0,6,5,3,1,223,522,BAJA (A)
PUEBLA,2611,99,21,2,6,2,8,50,13,2,0,0,10,1,0,1,223,691,BAJA (A)
PUEBLA,2599,99,25,4,6,4,4,44,13,0,0,1,8,0,4,0,217,527,BAJA (A)
PUEBLA,1269,87,28,3,9,3,6,34,18,2,2,1,15,1,2,1,215,508,BAJA (A)
PUEBLA,1240,46,34,4,13,1,6,60,9,1,2,0,19,0,0,3,207,651,BAJA (A)
PUEBLA,970,74,38,2,13,5,3,30,10,3,0,2,14,1,0,3,206,692,BAJA (A)
PUEBLA,2614,87,14,4,9,3,6,50,14,3,1,0,7,0,5,0,205,843,BAJA (A)
PUEBLA,1283,89,16,2,5,4,4,46,20,5,4,0,9,0,0,0,205,433,BAJA (A)
PUEBLA,1276,64,37,5,11,10,1,37,10,1,1,0,12,0,3,4,202,720,BAJA (A)
PUEBLA,2619,90,15,5,5,6,6,45,12,1,0,0,0,9,0,0,199,554,BAJA (A)
PUEBLA,2598,101,9,5,7,2,6,39,14,0,0,0,7,0,2,0,198,469,BAJA (A)
PUEBLA,1368,56,38,6,8,4,1,46,13,2,1,0,13,1,1,1,197,657,BAJA (A)
PUEBLA,992,58,13,1,8,3,3,58,13,0,0,0,19,0,4,2,194,558,BAJA (A)
PUEBLA,2584,68,27,1,6,5,8,41,19,1,3,0,4,0,0,0,193,455,BAJA (A)
PUEBLA,1021,77,19,3,8,2,10,39,9,0,0,0,10,0,4,0,193,465,BAJA (A)
PUEBLA,2615,74,19,0,4,3,4,47,13,3,3,0,13,0,1,0,191,448,BAJA (A)
PUEBLA,1432,78,16,1,7,4,4,43,10,1,1,1,19,1,0,0,191,505,BAJA (A)
PUEBLA,2595,78,24,2,9,1,3,34,14,2,2,2,10,1,2,0,190,617,BAJA (A)
PUEBLA,2620,71,9,3,8,4,6,59,14,1,2,1,5,0,2,1,189,685,BAJA (A)
PUEBLA,2587,72,18,5,9,6,7,32,15,3,1,0,8,3,0,0,184,511,BAJA (A)
PUEBLA,937,76,20,0,8,4,5,35,15,5,3,0,5,0,0,0,182,486,BAJA (A)
PUEBLA,2588,48,18,3,9,3,7,58,12,2,1,0,11,0,3,1,182,464,BAJA (A)
PUEBLA,2589,53,34,4,2,2,3,44,16,1,1,1,10,0,2,2,179,481,BAJA (A)
PUEBLA,936,79,15,1,3,4,3,25,19,5,0,0,14,0,1,0,178,456,BAJA (A)
PUEBLA,1270,65,30,4,7,2,4,41,11,3,0,0,8,0,0,1,177,441,BAJA (A)
PUEBLA,1427,63,19,3,10,2,3,36,11,0,1,0,18,1,2,2,177,481,BAJA (A)
PUEBLA,1428,68,27,4,6,3,2,26,12,0,1,0,15,3,3,0,176,532,BAJA (A)
PUEBLA,939,80,15,4,8,2,4,24,18,0,0,0,14,0,1,2,175,393,BAJA (A)
PUEBLA,2590,58,12,6,10,4,12,33,15,2,0,0,6,1,7,0,172,516,BAJA (A)
PUEBLA,1104,107,5,0,3,1,5,19,18,1,0,0,4,0,0,1,171,387,BAJA (A)
PUEBLA,1336,56,13,2,7,3,3,58,9,2,0,0,4,2,2,2,170,439,BAJA (A)
PUEBLA,935,56,21,1,2,5,5,35,8,0,2,0,18,0,4,0,165,463,BAJA (A)
PUEBLA,1343,44,24,2,9,3,2,42,5,2,2,0,14,1,2,3,161,392,BAJA (A)
PUEBLA,965,52,18,4,3,1,1,45,14,2,1,0,10,0,1,0,158,497,BAJA (A)
PUEBLA,1277,54,13,2,6,2,4,42,9,4,0,0,11,0,0,1,156,362,BAJA (A)
PUEBLA,1114,72,21,1,3,1,5,30,12,0,0,0,6,0,0,1,155,379,BAJA (A)
PUEBLA,1602,68,16,2,7,3,3,32,9,3,0,0,6,0,2,0,154,390,BAJA (A)
PUEBLA,1019,40,24,2,0,1,2,44,10,2,2,1,15,3,2,1,153,846,BAJA (A)
PUEBLA,2621,66,21,2,5,0,2,23,8,1,1,0,7,2,3,1,149,505,BAJA (A)
PUEBLA,1084,72,9,3,2,1,2,40,8,0,0,0,5,0,0,0,148,363,BAJA (A)
PUEBLA,968,55,19,2,3,3,2,41,5,0,1,0,5,1,2,1,148,446,BAJA (A)
PUEBLA,1115,60,26,2,5,0,6,29,7,1,1,0,4,0,1,0,146,349,BAJA (A)
PUEBLA,2597,52,26,2,10,2,4,21,10,0,1,1,5,0,2,0,142,553,BAJA (A)
PUEBLA,1119,72,6,1,1,5,4,20,13,2,1,0,11,2,2,0,142,375,BAJA (A)
PUEBLA,1113,55,14,2,7,0,3,29,14,1,1,0,10,0,0,0,140,300,BAJA (A)
PUEBLA,1425,48,12,2,8,7,4,26,6,4,0,0,8,2,1,1,138,364,BAJA (A)
PUEBLA,1262,49,20,2,2,3,8,15,18,1,1,0,6,0,1,0,135,289,BAJA (A)
PUEBLA,987,46,17,1,3,2,4,30,9,2,2,1,8,1,2,0,134,455,BAJA (A)
PUEBLA,2596,31,47,1,10,1,5,13,7,1,1,0,8,2,0,1,133,375,BAJA (A)
PUEBLA,1108,64,14,2,3,3,4,20,15,1,1,0,5,0,1,0,133,282,BAJA (A)
PUEBLA,1264,55,19,2,5,2,4,24,8,0,0,0,8,0,1,0,133,366,BAJA (A)
PUEBLA,934,54,14,5,6,1,1,26,7,1,1,0,9,0,0,1,131,406,BAJA (A)
PUEBLA,1107,60,15,0,5,4,4,21,10,2,0,0,4,0,2,0,129,347,BAJA (A)
PUEBLA,969,55,17,0,4,3,2,22,6,1,0,0,9,0,2,1,129,404,BAJA (A)
PUEBLA,990,32,10,1,10,8,2,35,7,1,1,0,10,0,1,0,128,359,BAJA (A)
PUEBLA,991,47,6,4,9,0,0,22,11,1,0,0,12,2,1,0,125,493,BAJA (A)
PUEBLA,1106,49,20,0,2,3,5,24,9,2,0,0,3,0,1,1,124,383,BAJA (A)
PUEBLA,1066,33,24,2,10,5,1,25,3,0,1,0,11,1,0,1,122,517,BAJA (A)
PUEBLA,1263,67,13,0,6,1,2,15,11,1,1,0,2,0,0,0,121,343,BAJA (A)
PUEBLA,1429,45,16,0,9,3,3,26,3,0,1,0,9,0,0,0,119,378,BAJA (A)
PUEBLA,1272,37,14,3,4,2,5,18,11,0,2,1,1,1,4,0,107,299,BAJA (A)
PUEBLA,988,42,15,3,0,0,2,20,8,1,2,0,9,0,0,1,105,390,BAJA (A)
PUEBLA,967,31,23,2,4,2,1,14,7,1,1,0,12,0,1,1,103,362,BAJA (A)
PUEBLA,1265,43,14,1,4,1,1,18,8,0,0,0,5,0,0,0,100,293,BAJA (A)
PUEBLA,989,37,13,2,5,1,1,17,6,1,2,0,6,0,2,0,98,383,BAJA (A)
PUEBLA,938,48,7,0,2,0,1,13,13,0,0,1,6,1,2,0,96,244,BAJA (A)
PUEBLA,1273,43,9,0,3,1,4,17,5,0,0,0,6,0,0,2,95,348,BAJA (A)
PUEBLA,1110,32,19,3,0,3,5,15,7,0,0,0,6,0,0,0,95,233,BAJA (A)
PUEBLA,1112,48,7,0,3,0,3,13,5,1,0,1,6,0,0,1,94,229,BAJA (A)
PUEBLA,971,22,19,0,7,2,4,22,3,1,1,0,7,0,3,1,94,357,BAJA (A)
PUEBLA,966,37,7,1,2,3,2,17,10,0,0,0,7,2,1,0,92,239,BAJA (A)
PUEBLA,1109,35,11,0,1,2,0,20,11,0,1,0,6,0,0,0,90,210,BAJA (A)
PUEBLA,933,52,6,0,1,0,1,15,5,2,0,0,4,0,0,1,89,274,BAJA (A)
PUEBLA,1285,25,6,1,5,3,6,13,2,1,1,0,17,0,2,0,89,282,BAJA (A)
PUEBLA,1081,32,10,1,2,2,2,18,1,0,3,0,6,1,3,0,84,227,BAJA (A)
PUEBLA,1284,29,12,0,3,0,2,13,4,0,0,0,8,0,2,0,80,218,BAJA (A)
PUEBLA,1082,41,11,0,1,2,1,9,11,0,0,0,1,0,1,1,79,202,BAJA (A)
PUEBLA,1080,23,10,1,2,1,3,18,10,0,0,0,3,0,3,0,77,174,BAJA (A)
PUEBLA,1083,28,7,1,5,2,2,19,7,0,0,1,1,0,0,0,76,220,BAJA (A)
PUEBLA,1261,18,5,4,3,3,3,22,7,1,1,0,1,0,1,0,72,220,BAJA (A)
PUEBLA,1424,23,9,1,3,2,2,17,3,0,0,0,3,0,1,3,69,144,BAJA (A)
PUEBLA,1423,20,8,1,3,2,3,20,2,1,0,0,5,0,0,0,69,233,BAJA (A)
PUEBLA,1275,25,6,1,1,2,2,19,1,0,0,0,4,0,0,0,61,134,BAJA (A)