distrito,secciones
1,1
1,2
1,3
1,4
1,5
1,6
1,7
1,8
1,9
1,10
1,11
1,12
1,13
1,14
1,15
1,16
1,17
1,18
1,19
1,20
1,21
1,22
1,23
1,24
1,25
1,27
1,28
1,29
1,30
1,31
1,32
1,33
1,34
1,35
1,36
1,37
1,38
1,39
1,40
1,41
1,42
1,43
1,44
1,45
1,668
1,669
1,670
1,671
1,672
1,673
1,674
1,675
1,676
1,677
1,678
1,679
1,680
1,681
1,682
1,683
1,846
1,847
1,848
1,849
1,850
1,851
1,852
1,853
1,854
1,855
1,856
1,857
1,858
1,859
1,860
1,861
1,862
1,863
1,864
1,865
1,866
1,867
1,868
1,869
1,870
1,871
1,872
1,873
1,874
1,875
1,876
1,877
1,878
1,879
1,880
1,881
1,882
1,883
1,884
1,885
1,886
1,887
1,888
1,889
1,890
1,891
1,892
1,893
1,894
1,895
1,896
1,897
1,898
1,899
1,900
1,901
1,902
1,903
1,904
1,905
1,906
1,907
1,908
1,909
1,910
1,911
1,912
1,913
1,914
1,915
1,916
1,917
1,918
1,919
1,920
1,921
1,922
1,923
1,924
1,925
1,926
1,927
1,928
1,929
1,930
1,931
1,932
1,933
1,934
1,935
1,936
1,937
1,938
1,939
1,940
1,941
1,942
1,943
1,944
1,945
1,946
1,947
1,948
1,949
1,950
1,951
1,952
1,953
1,1089
1,1090
1,1091
1,1092
1,1093
1,1094
1,1095
1,1096
1,1097
1,1098
1,1099
1,1100
1,1101
1,1102
1,1103
1,1104
1,1105
1,1106
1,1107
1,1108
1,1109
1,1110
1,1111
1,1112
1,1113
1,1114
1,1115
1,1116
1,1117
1,1118
1,1119
1,1120
1,1121
1,1122
1,1123
1,1124
1,1125
1,1126
1,1127
1,1128
1,1129
1,1130
1,1131
1,1132
1,1133
2,46
2,47
2,48
2,49
2,50
2,51
2,52
2,53
2,54
2,55
2,56
2,57
2,58
2,59
2,60
2,61
2,62
2,63
2,64
2,65
2,66
2,67
2,68
2,69
2,70
2,71
2,72
2,73
2,74
2,75
2,76
2,77
2,78
2,79
2,80
2,81
2,82
2,83
2,84
2,85
2,86
2,87
2,88
2,89
2,90
2,91
2,92
2,93
2,94
2,95
2,96
2,97
2,98
2,99
2,100
2,101
2,102
2,103
2,104
2,105
2,106
2,107
2,108
2,109
2,110
2,111
2,112
2,113
2,114
2,115
2,116
2,117
2,118
2,119
2,120
2,121
2,122
2,123
2,124
2,125
2,126
2,127
2,128
2,129
2,130
2,131
2,132
2,133
2,134
2,135
2,136
2,137
2,138
2,139
2,140
2,141
2,142
2,143
2,144
2,145
2,146
2,147
2,148
2,149
2,150
2,151
2,152
2,153
2,154
2,155
2,156
2,157
2,158
2,159
2,160
2,161
2,162
2,163
2,164
2,165
2,166
2,167
2,684
2,685
2,686
2,687
2,688
2,689
2,690
2,691
2,692
2,693
2,694
2,695
2,696
2,697
2,698
2,699
2,700
2,701
2,702
2,703
2,704
2,705
2,706
2,707
2,708
2,709
2,710
2,711
2,712
2,713
2,714
2,715
2,716
2,717
2,718
2,719
2,720
2,721
2,722
2,723
2,724
2,725
2,726
2,727
2,728
2,729
2,730
2,731
2,732
2,733
2,734
2,735
2,736
2,737
2,738
2,739
2,740
2,741
2,742
2,743
2,744
2,745
2,746
2,747
2,748
2,749
2,750
2,751
2,752
2,753
2,754
2,755
2,756
2,757
2,758
2,759
2,760
2,761
2,762
2,763
2,764
2,765
2,766
2,767
2,768
2,769
2,770
2,771
2,772
2,773
2,774
2,775
2,776
2,777
2,778
2,779
2,780
3,512
3,513
3,514
3,515
3,516
3,517
3,518
3,519
3,520
3,521
3,522
3,523
3,524
3,525
3,526
3,527
3,528
3,529
3,530
3,531
3,532
3,533
3,534
3,535
3,536
3,537
3,538
3,539
3,540
3,541
3,542
3,543
3,544
3,545
3,546
3,547
3,548
3,549
3,550
3,551
3,552
3,553
3,554
3,556
3,557
3,558
3,559
3,560
3,561
3,562
3,563
3,564
3,565
3,566
3,567
3,568
3,569
3,570
3,571
3,572
3,573
3,574
3,575
3,576
3,577
3,578
3,579
3,580
3,581
3,582
3,583
3,584
3,585
3,586
3,587
3,588
3,589
3,590
3,591
3,592
3,593
3,594
3,595
3,596
3,597
3,598
3,599
3,600
3,601
3,602
3,603
3,604
3,605
3,606
3,607
3,608
3,609
3,610
3,611
3,612
3,613
3,614
3,615
3,616
3,617
3,618
3,619
3,620
3,621
3,622
3,623
3,624
3,625
3,626
3,627
3,628
3,629
3,630
3,631
3,632
3,633
3,634
3,635
3,636
3,637
3,638
3,639
3,640
3,641
3,642
3,643
3,644
3,645
3,646
3,647
3,648
3,649
3,650
3,651
3,652
3,653
3,654
3,655
3,656
3,657
3,658
3,659
3,660
3,661
3,662
3,663
3,664
3,665
3,666
3,667
3,1145
3,1146
3,1147
4,232
4,233
4,234
4,235
4,236
4,237
4,238
4,239
4,240
4,241
4,242
4,243
4,244
4,245
4,246
4,247
4,248
4,249
4,250
4,251
4,252
4,253
4,254
4,255
4,256
4,257
4,258
4,259
4,260
4,261
4,262
4,263
4,264
4,265
4,266
4,267
4,268
4,269
4,270
4,271
4,272
4,273
4,274
4,275
4,276
4,277
4,278
4,279
4,280
4,281
4,282
4,283
4,284
4,285
4,286
4,287
4,288
4,289
4,290
4,291
4,292
4,293
4,294
4,295
4,296
4,297
4,298
4,299
4,300
4,301
4,302
4,303
4,304
4,305
4,306
4,307
4,308
4,309
4,310
4,311
4,312
4,313
4,314
4,315
4,316
4,317
4,318
4,319
4,320
4,321
4,322
4,323
4,324
4,325
4,326
4,327
4,328
4,329
4,330
4,331
4,332
4,333
4,334
4,335
4,336
4,337
4,338
4,339
4,340
4,341
4,342
4,343
4,344
4,345
4,346
4,347
4,348
4,349
4,350
4,351
4,352
4,353
4,354
4,355
4,356
4,357
4,358
4,359
4,360
4,361
4,362
4,363
4,364
4,365
4,366
4,367
4,368
4,369
4,370
4,371
4,373
4,374
4,375
4,376
4,377
4,378
4,379
4,380
4,381
4,382
4,383
4,384
4,385
4,386
4,387
4,388
4,389
4,394
4,395
4,396
4,402
4,403
4,404
4,405
4,419
4,420
4,421
4,422
4,423
4,424
4,425
4,426
4,427
4,428
4,429
4,430
4,431
4,432
4,433
4,434
4,435
4,436
4,437
4,438
4,439
4,440
4,441
4,442
4,443
4,444
4,445
4,446
4,447
4,448
4,451
4,454
4,455
4,456
4,457
4,466
4,471
4,472
4,473
4,474
4,478
4,1148
4,1149
5,168
5,169
5,170
5,171
5,172
5,173
5,174
5,175
5,176
5,177
5,178
5,179
5,180
5,181
5,182
5,183
5,184
5,185
5,186
5,187
5,188
5,189
5,190
5,191
5,192
5,193
5,194
5,195
5,196
5,197
5,198
5,199
5,200
5,201
5,202
5,203
5,204
5,205
5,206
5,207
5,208
5,209
5,210
5,211
5,212
5,213
5,214
5,215
5,216
5,217
5,218
5,219
5,220
5,221
5,222
5,223
5,224
5,225
5,226
5,227
5,228
5,229
5,230
5,231
5,809
5,810
5,811
5,812
5,813
5,814
5,815
5,816
5,817
5,818
5,819
5,820
5,821
5,822
5,823
5,824
5,825
5,826
5,827
5,828
5,829
5,830
5,831
5,832
5,833
5,834
5,835
5,836
5,837
5,838
5,839
5,840
5,841
5,842
5,843
5,844
5,845
5,954
5,955
5,956
5,957
5,958
5,959
5,960
5,961
5,962
5,963
5,964
5,965
5,966
5,967
5,968
5,969
5,970
5,971
5,972
5,973
5,975
5,976
5,977
5,978
5,979
5,980
5,981
5,982
5,984
5,985
5,986
5,987
5,988
5,989
5,990
5,991
5,992
5,993
5,994
5,995
5,996
5,997
5,998
5,999
5,1000
5,1001
5,1002
5,1003
5,1004
5,1005
5,1006
5,1007
5,1008
5,1009
5,1010
5,1011
5,1012
5,1013
5,1014
5,1015
5,1016
5,1017
5,1018
5,1019
5,1020
5,1021
5,1022
5,1023
5,1024
5,1025
5,1026
5,1027
5,1028
5,1029
5,1030
5,1031
5,1032
5,1033
5,1034
5,1035
5,1134
5,1135
5,1136
5,1137
5,1138
5,1139
5,1140
5,1141
5,1142
5,1143
5,1144
5,1150
5,1151
6,372
6,390
6,391
6,392
6,393
6,397
6,398
6,399
6,400
6,401
6,406
6,407
6,408
6,409
6,410
6,411
6,412
6,413
6,414
6,415
6,416
6,417
6,418
6,452
6,453
6,458
6,459
6,460
6,461
6,462
6,463
6,464
6,465
6,467
6,468
6,469
6,470
6,475
6,476
6,477
6,479
6,480
6,481
6,482
6,483
6,484
6,485
6,486
6,487
6,488
6,489
6,490
6,491
6,492
6,493
6,494
6,495
6,496
6,497
6,498
6,499
6,500
6,501
6,502
6,503
6,504
6,505
6,506
6,507
6,508
6,509
6,510
6,781
6,782
6,783
6,784
6,785
6,786
6,787
6,788
6,789
6,790
6,791
6,792
6,793
6,794
6,795
6,796
6,797
6,798
6,799
6,800
6,801
6,802
6,803
6,804
6,805
6,806
6,807
6,808
6,1036
6,1037
6,1038
6,1039
6,1040
6,1041
6,1042
6,1043
6,1044
6,1045
6,1046
6,1047
6,1048
6,1049
6,1050
6,1051
6,1052
6,1053
6,1054
6,1055
6,1056
6,1057
6,1058
6,1059
6,1060
6,1061
6,1062
6,1063
6,1064
6,1065
6,1066
6,1067
6,1068
6,1069
6,1070
6,1071
6,1072
6,1073
6,1074
6,1075
6,1076
6,1077
6,1078
6,1079
6,1080
6,1081
6,1082
6,1083
6,1084
6,1085
6,1086
6,1087
6,1088
